,file,scenario,tech_choice,city,doe_reference_name,urdb_label,natural_gas_price,iteration,pv_kw,pv_production,storage_kw,storage_kwh,chp_kw,hot_tes,cold_tes,net_capex_repl_om,energy_from_grid_year_one,energy_from_grid_year_one_bau,energy_cost,demand_cost,fixed_cost,min_cost_adder,energy_cost_bau,demand_cost_bau,min_cost_adder_bau,lcc_bau,lcc,npv,pre_setup_scenario_seconds,setup_scenario_seconds,reopt_seconds,reopt_bau_seconds,parse_run_outputs_seconds,julia_input_construction_seconds,julia_reopt_preamble_seconds,julia_reopt_variables_seconds,julia_reopt_constriants_seconds,julia_reopt_optimize_seconds,julia_reopt_postprocess_seconds,pyjulia_start_seconds,pyjulia_pkg_seconds,pyjulia_activate_seconds,pyjulia_include_model_seconds,pyjulia_make_model_seconds,pyjulia_include_reopt_seconds,pyjulia_run_reopt_seconds,julia_input_construction_seconds_bau,julia_reopt_preamble_seconds_bau,julia_reopt_variables_seconds_bau,julia_reopt_constriants_seconds_bau,julia_reopt_optimize_seconds_bau,julia_reopt_postprocess_seconds_bau,pyjulia_start_seconds_bau,pyjulia_pkg_seconds_bau,pyjulia_activate_seconds_bau,pyjulia_include_model_seconds_bau,pyjulia_make_model_seconds_bau,pyjulia_include_reopt_seconds_bau,pyjulia_run_reopt_seconds_bau
0,chp_pv_bess_coldtes_SanFrancisco_Hospital_5e1676e95457a3f87673e3b0_9_0.json,EightPercentGap,chp_pv_bess_coldtes,SanFrancisco,Hospital,5e1676e95457a3f87673e3b0,9,0,1541.5659,2213040.0,357.809060336859,1393.51393489195,485.243958224147,0.0,0.0,8095212.5,1563379.04,7752817.0,1490971.86,1638085.67,157801.8,0.0,7964797.23,5274309.78,0.0,14576729.0,10956666.836428,3620062.163572,0.261511564254761,4.5312283039093,139.423097610474,42.914265871048,0.210909605026245,,0.0660033226013184,4.09350252151489,4.34788346290588,2.34043550491333,8.42414736747742,0.512346982955933,0.000803232192993164,0.010486364364624,0.00237226486206055,0.0151596069335938,1.01381778717041,137.866343021393,0.237632989883423,0.00131702423095703,1.24037384986877,6.39915204048157,0.337607860565186,4.02498292922974,0.516096591949463,0.00075984001159668,0.00903701782226562,0.00238871574401855,0.014721155166626,1.06297254562378,41.3067378997803
1,chp_SanFrancisco_Hospital_5cb742345457a31e119b6ec3_13_0.json,EightPercentGap,chp,SanFrancisco,Hospital,5cb742345457a31e119b6ec3,13,0,0.0,,0.0,0.0,778.571564803619,0.0,0.0,9806664.0,2352454.33,7752817.0,3636273.93,890536.62,85623.12,0.0,14503814.64,2115012.12,0.0,18408635.0,14419096.2036064,3989538.79639364,0.41881799697876,3.26379179954529,96.5934360027313,41.7079236507416,0.168923616409302,,0.0596346855163574,2.12813496589661,3.27864575386047,1.73006057739258,5.13955998420715,0.519825458526611,0.000844478607177734,0.00896549224853516,0.00231075286865234,0.0175924301147461,1.02066898345947,95.0216336250305,0.328005075454712,0.00100612640380859,1.24076890945435,6.15929484367371,0.341833829879761,3.19803500175476,0.514218091964722,0.000732660293579102,0.00858163833618164,0.00236392021179199,0.0147182941436768,1.06833839416504,40.0973429679871
2,chp_coldtes_SanFrancisco_Hospital_5d094abf5457a3ba43474943_13_0.json,EightPercentGap,chp_coldtes,SanFrancisco,Hospital,5d094abf5457a3ba43474943,13,0,0.0,,0.0,0.0,0.0,0.0,0.0,1704187.0,7752817.01,7752817.0,3948393.95,906903.02,1890.36,0.0,3948393.96,906903.01,0.0,6561373.0,6561372.62845934,0.371540662832558,0.377668619155884,3.37423610687256,73.0083365440369,43.3695130348206,0.188356399536133,,0.00636768341064453,2.44302034378052,3.34536457061768,0.481892108917236,5.88083267211914,1.96588683128357,0.0017848014831543,0.0455191135406494,0.00599408149719238,0.142670392990112,1.05333113670349,69.7921259403229,0.224497079849243,0.000262975692749023,1.28467297554016,5.62749290466309,0.83346700668335,4.62070989608765,0.571968555450439,0.000965356826782227,0.00906777381896973,0.00240635871887207,0.0151028633117676,1.08068895339966,41.687846660614
3,chp_hottes_SanFrancisco_Hospital_5cb742345457a31e119b6ec3_13_0.json,EightPercentGap,chp_hottes,SanFrancisco,Hospital,5cb742345457a31e119b6ec3,13,0,,,,,,,,,,,,,,,,,,,,,,,,,,,,,,,,,,,,,,,,,,,,,,,,,,,
4,chp_pv_bess_SanFrancisco_Hospital_5cb742345457a31e119b6ec3_13_0.json,EightPercentGap,chp_pv_bess,SanFrancisco,Hospital,5cb742345457a31e119b6ec3,13,0,2053.4765,2947927.0,390.973104107563,2220.6672834097,422.130950253662,0.0,0.0,9306173.43,1969726.83,7752817.0,2676038.04,690231.05,85623.12,0.0,14503814.64,2115012.12,0.0,18408635.0,12153632.8472817,6255002.15271833,0.323145866394043,3.94265413284302,156.906712055206,43.2252721786499,0.207225799560547,,0.155784130096436,3.49275684356689,4.88642048835754,2.3877432346344,7.19184756278992,0.40029764175415,0.00078272819519043,0.00852274894714355,0.00225162506103516,0.0139925479888916,0.905799865722656,155.5735476017,0.225014925003052,0.00109505653381348,1.26235795021057,6.66614484786987,0.323395013809204,3.57605195045471,0.54106616973877,0.000743389129638672,0.00884747505187988,0.00232481956481934,0.0144846439361572,1.0308895111084,41.6254251003265
5,chp_hottes_SanFrancisco_Hospital_5cb742345457a31e119b6ec3_9_0.json,EightPercentGap,chp_hottes,SanFrancisco,Hospital,5cb742345457a31e119b6ec3,9,0,0.0,,0.0,0.0,1026.27626817884,0.0,0.0,9960131.0,597627.98,7752817.0,1082696.87,500966.35,85623.12,0.0,14503814.64,2115012.12,0.0,17884270.0,11629416.4773627,6254853.52263727,0.295230150222778,3.1767303943634,79.9698271751404,46.7820723056793,0.165891408920288,,0.0599751472473145,1.93644142150879,3.3656690120697,1.2853217124939,5.24171996116638,0.504791736602783,0.000777244567871094,0.00900030136108398,0.0022735595703125,0.0163068771362305,0.952506303787231,78.4826166629791,0.330434083938599,0.00105094909667969,1.27599096298218,5.99754118919373,0.316802024841309,3.19264793395996,0.566048860549927,0.00077056884765625,0.00886225700378418,0.00227928161621094,0.0146036148071289,1.07902812957764,45.1087522506714
6,chp_pv_bess_hottes_SanFrancisco_Hospital_539f74f4ec4f024411ed0e5b_9_0.json,EightPercentGap,chp_pv_bess_hottes,SanFrancisco,Hospital,539f74f4ec4f024411ed0e5b,9,0,,,,,,,,,,,,,,,,,,,,,,,,,,,,,,,,,,,,,,,,,,,,,,,,,,,
7,chp_coldtes_SanFrancisco_Hospital_5d094abf5457a3ba43474943_9_0.json,EightPercentGap,chp_coldtes,SanFrancisco,Hospital,5d094abf5457a3ba43474943,9,0,0.0,,0.0,0.0,0.0,0.0,0.0,1179820.0,7752817.01,7752817.0,3948393.95,906903.02,1890.36,0.0,3948393.96,906903.01,0.0,6037008.0,6037007.92411351,0.0758864879608154,0.351954221725464,3.21295833587646,80.2953586578369,44.5009067058563,0.146100044250488,,0.00636458396911621,1.40118217468262,4.15226888656616,0.471967220306396,6.04677224159241,0.486339092254639,0.000742435455322266,0.00881743431091309,0.00467634201049805,0.0152091979980469,0.929274797439575,78.849493265152,0.224118947982788,0.000261068344116211,1.26830101013184,5.82740497589111,0.734102010726929,4.29583716392517,0.536078929901123,0.000760078430175781,0.00870752334594727,0.00227785110473633,0.0143904685974121,1.07294273376465,42.8642160892487
8,chp_coldtes_SanFrancisco_Hospital_5e1676e95457a3f87673e3b0_13_0.json,EightPercentGap,chp_coldtes,SanFrancisco,Hospital,5e1676e95457a3f87673e3b0,13,0,0.0,,0.0,0.0,725.059642871051,0.0,0.0,7586393.0,4122435.2,7752817.0,4124481.91,2437588.28,157801.8,0.0,7964797.23,5274309.78,0.0,15101094.0,14306263.7868623,794830.21313772,0.361543416976929,3.24808120727539,196.611742973328,44.942177772522,0.169482469558716,,0.0650022029876709,1.65192866325378,4.23335456848145,4.08978176116943,5.39580869674683,0.522534132003784,0.000722169876098633,0.00842523574829102,0.00230169296264648,0.0158002376556396,0.92403769493103,195.136345863342,0.309328079223633,0.00124692916870117,1.16977286338806,6.15478205680847,0.347898960113525,3.21457195281982,0.542762756347656,0.000768661499023438,0.0093235969543457,0.00235652923583984,0.0154440402984619,1.05854725837708,43.3115155696869
9,chp_SanFrancisco_Hospital_5e1676e95457a3f87673e3b0_9_0.json,EightPercentGap,chp,SanFrancisco,Hospital,5e1676e95457a3f87673e3b0,9,0,0.0,,0.0,0.0,857.864384384165,0.0,0.0,8813487.0,1175475.1,7752817.0,1352638.5,1918003.31,157801.8,0.0,7964797.23,5274309.78,0.0,14576729.0,12241931.0702944,2334797.92970562,0.292264699935913,3.27469801902771,77.531866312027,44.5248153209686,0.168583869934082,,0.0635035037994385,2.36857938766479,3.25132203102112,1.0798966884613,4.94852209091187,1.92236280441284,0.00170016288757324,0.0452697277069092,0.00597333908081055,0.142766952514648,1.06621599197388,74.3465414047241,0.226579189300537,0.00136780738830566,1.29300999641418,6.30111598968506,0.352426052093506,3.45995616912842,0.582635164260864,0.000932693481445312,0.010129451751709,0.00246739387512207,0.0158579349517822,1.10892558097839,42.8020606040955
10,chp_pv_bess_hottes_SanFrancisco_Hospital_539f7118ec4f024411ece26f_13_0.json,EightPercentGap,chp_pv_bess_hottes,SanFrancisco,Hospital,539f7118ec4f024411ece26f,13,0,0.0,0.0,0.0,0.0,0.0,0.0,0.0,1704187.0,7752817.01,7752817.0,2082060.39,0.0,0.0,0.0,2082060.39,0.0,0.0,3786246.0,3786245.67949896,0.320501044858247,0.399490594863892,4.53404498100281,92.7710642814636,36.7936692237854,0.19244647026062,,0.0069425106048584,3.12944173812866,5.23544192314148,1.02847981452942,9.38954210281372,0.477780342102051,0.000752687454223633,0.00842070579528809,0.00235462188720703,0.014134407043457,0.894190311431885,91.3717925548553,1.45193481445312,0.0295898914337158,1.72413182258606,9.12190794944763,0.939239978790283,5.08537793159485,1.91650533676147,0.00159931182861328,0.0447587966918945,0.0057682991027832,0.142499446868896,0.957311630249023,33.7241871356964
11,chp_SanFrancisco_Hospital_5ec2a6945457a3e60d81625c_13_0.json,EightPercentGap,chp,SanFrancisco,Hospital,5ec2a6945457a3e60d81625c,13,0,0.0,,0.0,0.0,15.0,0.0,0.0,1751146.0,7752224.72,7752817.0,2358395.4,2070953.35,46684.32,0.0,2358599.71,2090437.0,0.0,6199906.0,6227178.73777389,-27272.7377738897,0.358220100402832,3.33033537864685,72.8951854705811,24.1873168945312,0.168393135070801,,0.00545692443847656,1.58237981796265,3.58366537094116,0.70973539352417,5.05967473983765,0.427645444869995,0.000733375549316406,0.00853419303894043,0.0022885799407959,0.0184576511383057,0.886517763137817,71.5497632026672,0.2171471118927,0.000171899795532227,1.44311881065369,5.6391179561615,0.318251132965088,3.02896308898926,0.392846584320068,0.000810384750366211,0.00882267951965332,0.00246286392211914,0.0136771202087402,0.811987638473511,22.9552645683289
12,chp_pv_bess_hottes_SanFrancisco_Hospital_539f6b62ec4f024411ec9bcb_9_0.json,EightPercentGap,chp_pv_bess_hottes,SanFrancisco,Hospital,539f6b62ec4f024411ec9bcb,9,0,,,,,,,,,,,,,,,,,,,,,,,,,,,,,,,,,,,,,,,,,,,,,,,,,,,
13,chp_SanFrancisco_Hospital_5e7cc9135457a338417d5622_9_0.json,EightPercentGap,chp,SanFrancisco,Hospital,5e7cc9135457a338417d5622,9,0,0.0,,0.0,0.0,144.37870867001,0.0,0.0,2148194.0,6496520.45,7752817.0,4332650.31,1468696.05,20252.52,0.0,5170497.86,1645502.29,0.0,8016073.0,7969791.65026528,46281.3497347245,0.225300550460815,3.2860734462738,78.7219014167786,25.1673471927643,0.167220115661621,,0.00527191162109375,2.28699779510498,3.04714107513428,1.04993343353271,4.81647419929504,0.469007968902588,0.000774383544921875,0.00915360450744629,0.00234293937683105,0.015164852142334,0.90639328956604,77.3180158138275,0.277669906616211,0.000195026397705078,1.24942684173584,5.27545714378357,0.304821968078613,3.17953181266785,0.384215354919434,0.000811338424682617,0.00912213325500488,0.00230813026428223,0.0137412548065186,0.953997611999512,23.8016049861908
14,chp_pv_bess_SanFrancisco_Hospital_539f6b62ec4f024411ec9bcb_9_0.json,EightPercentGap,chp_pv_bess,SanFrancisco,Hospital,539f6b62ec4f024411ec9bcb,9,0,1882.9513,2703124.0,243.447491470367,867.329097449304,0.0,0.0,0.0,3931110.29,5117418.37,7752817.0,2303218.14,2006220.67,17253.6,0.0,3489343.17,2718212.13,0.0,7404630.0,7984523.1999667,-579893.199966703,0.316031455993652,3.99751114845276,473.613480091095,26.7001004219055,0.190140962600708,,0.0612263679504395,3.44409084320068,4.76109290122986,1.05137968063354,7.30149602890015,0.526571750640869,0.000881433486938477,0.0113520622253418,0.00255966186523438,0.0171370506286621,0.917974948883057,472.135700702667,0.218305110931396,0.0263638496398926,1.17219281196594,6.14668083190918,0.330319881439209,3.13214898109436,0.413008689880371,0.000722408294677734,0.00865054130554199,0.0022273063659668,0.0140433311462402,0.851773023605347,25.407945394516
15,chp_pv_bess_hottes_SanFrancisco_Hospital_5cb742345457a31e119b6ec3_9_0.json,EightPercentGap,chp_pv_bess_hottes,SanFrancisco,Hospital,5cb742345457a31e119b6ec3,9,0,,,,,,,,,,,,,,,,,,,,,,,,,,,,,,,,,,,,,,,,,,,,,,,,,,,
16,chp_SanFrancisco_Hospital_5e7cc9135457a338417d5622_13_0.json,EightPercentGap,chp,SanFrancisco,Hospital,5e7cc9135457a338417d5622,13,0,0.0,,0.0,0.0,15.0,0.0,0.0,1828973.0,7621432.01,7752817.0,5082874.77,1627133.27,20252.52,0.0,5170497.86,1645502.29,0.0,8540438.0,8559232.84215553,-18794.8421555348,0.293288946151733,4.52347731590271,83.6588387489319,33.4978628158569,0.169245719909668,,0.00725936889648438,3.0361590385437,4.39963316917419,0.656055927276611,5.10372614860535,0.501382827758789,0.00101041793823242,0.00986862182617188,0.00280141830444336,0.0174872875213623,1.23466730117798,81.8897633552551,0.285850763320923,0.000237226486206055,1.57588601112366,6.90816497802734,0.489753007888794,3.76729083061218,0.509614944458008,0.00102639198303223,0.0124914646148682,0.00316143035888672,0.0179169178009033,1.13982081413269,31.8117747306824
17,chp_SanFrancisco_Hospital_539f7118ec4f024411ece26f_9_0.json,EightPercentGap,chp,SanFrancisco,Hospital,539f7118ec4f024411ece26f,9,0,0.0,,0.0,0.0,0.0,0.0,0.0,1179820.0,7752817.01,7752817.0,2082060.39,0.0,0.0,0.0,2082060.39,0.0,0.0,3261881.0,3261880.97515313,0.0248468746431172,0.364367485046387,3.37183904647827,81.6801819801331,31.3423728942871,0.14588189125061,,0.00651288032531738,1.92717790603638,4.01338386535645,0.764671087265015,8.5579137802124,1.92062711715698,0.00170421600341797,0.0468430519104004,0.00599527359008789,0.144560813903809,1.05870413780212,78.5008864402771,0.271911144256592,0.000267982482910156,1.79626798629761,5.72816586494446,0.939015865325928,5.48998713493347,0.460211277008057,0.000945806503295898,0.00931549072265625,0.00234603881835938,0.0152287483215332,0.91405987739563,29.9387392997742
18,chp_pv_bess_hottes_SanFrancisco_Hospital_539f6b62ec4f024411ec9bcb_13_0.json,EightPercentGap,chp_pv_bess_hottes,SanFrancisco,Hospital,539f6b62ec4f024411ec9bcb,13,0,637.3481,914963.0,196.86032419213,390.411660956262,0.0,0.0,0.0,2827818.07,6842062.77,7752817.0,3079436.15,2359920.4,17253.6,0.0,3489343.17,2718212.13,0.0,7928994.0,8125632.06272902,-196638.062729021,0.283036947250366,4.10892748832703,80.2274386882782,27.683394908905,0.192526340484619,,0.05930495262146,3.11982703208923,4.26456499099731,1.05080819129944,7.6019561290741,0.416803598403931,0.000751495361328125,0.00790977478027344,0.00221586227416992,0.0140500068664551,0.898954391479492,78.8851747512817,0.220443964004517,0.000728130340576172,1.21881699562073,5.95273303985596,0.3299720287323,3.07605791091919,0.419171094894409,0.000857353210449219,0.0106329917907715,0.00235319137573242,0.0144143104553223,0.880643367767334,26.3538475036621
19,chp_pv_bess_coldtes_SanFrancisco_Hospital_539f6b62ec4f024411ec9bcb_9_0.json,EightPercentGap,chp_pv_bess_coldtes,SanFrancisco,Hospital,539f6b62ec4f024411ec9bcb,9,0,1882.9513,2703124.0,243.447491470367,867.329097449303,0.0,0.0,0.0,3931110.29,5117418.37,7752817.0,2303218.14,2006220.67,17253.6,0.0,3489343.17,2718212.13,0.0,7404630.0,7984523.20005153,-579893.200051532,0.246862649917603,3.82971262931824,474.269726037979,29.0769205093384,0.195801258087158,,0.0597043037414551,3.3605854511261,4.2870979309082,1.03184914588928,7.47419023513794,0.42617130279541,0.000745773315429688,0.00851345062255859,0.00226259231567383,0.0163862705230713,0.894382476806641,472.919912338257,0.250095129013062,0.000756978988647461,1.20920515060425,5.83873605728149,0.330846071243286,3.56743502616882,0.461980581283569,0.00075531005859375,0.00864052772521973,0.00223541259765625,0.013716459274292,0.870394706726074,27.7177278995514
20,chp_hottes_SanFrancisco_Hospital_539f7118ec4f024411ece26f_13_0.json,EightPercentGap,chp_hottes,SanFrancisco,Hospital,539f7118ec4f024411ece26f,13,0,0.0,,0.0,0.0,0.0,0.0,0.0,1704187.0,7752817.01,7752817.0,2082060.39,0.0,0.0,0.0,2082060.39,0.0,0.0,3786246.0,3786245.67949896,0.320501044858247,0.436818838119507,3.27172207832336,89.6262753009796,31.9212138652802,0.147286653518677,,0.00675392150878906,1.49886393547058,4.82957100868225,0.82367205619812,8.57175922393799,0.478196144104004,0.000776529312133789,0.00890421867370605,0.00236701965332031,0.0175342559814453,0.918118715286255,88.198876619339,0.293057918548584,0.000294923782348633,1.75711488723755,5.70870399475098,0.918746948242188,5.53574895858765,0.414170742034912,0.000815153121948242,0.010256290435791,0.00230312347412109,0.0140728950500488,1.02820324897766,30.4498898983002
21,chp_pv_bess_hottes_SanFrancisco_Hospital_5ec2a6945457a3e60d81625c_9_0.json,EightPercentGap,chp_pv_bess_hottes,SanFrancisco,Hospital,5ec2a6945457a3e60d81625c,9,0,110.0141,157934.0,30.7832945961092,64.8839742451764,0.0,0.0,0.0,1368514.95,7596327.71,7752817.0,2307999.78,2013953.33,46684.32,0.0,2358599.71,2090437.0,0.0,5675542.0,5711555.84830481,-36013.8483048063,0.313162326812744,3.87297654151917,96.7700078487396,28.5645291805267,0.191933155059814,,0.0058135986328125,2.57764005661011,5.55096507072449,1.05163979530334,7.40364480018616,0.472184419631958,0.000710487365722656,0.00825738906860352,0.00223350524902344,0.0166091918945312,0.909958362579346,95.358286857605,0.224708080291748,0.00017094612121582,1.23821401596069,5.40109395980835,0.320278167724609,3.37953400611877,0.421411275863647,0.000762224197387695,0.0093083381652832,0.00227999687194824,0.0145313739776611,0.88837742805481,27.2260868549347
22,chp_pv_bess_SanFrancisco_Hospital_5ec2a6945457a3e60d81625c_9_0.json,EightPercentGap,chp_pv_bess,SanFrancisco,Hospital,5ec2a6945457a3e60d81625c,9,0,110.0141,157934.0,30.7832945961092,64.8839742451767,0.0,0.0,0.0,1368514.95,7596327.71,7752817.0,2307999.78,2013953.33,46684.32,0.0,2358599.71,2090437.0,0.0,5675542.0,5711555.84830481,-36013.8483048063,0.351024866104126,3.94833087921143,100.562985181808,28.9158799648285,0.192633628845215,,0.00591158866882324,2.98239159584045,4.98284983634949,0.989723920822144,8.30515742301941,0.494433879852295,0.000709056854248047,0.00855112075805664,0.00226044654846191,0.0166492462158203,0.917387962341309,99.1210467815399,0.219092130661011,0.000161886215209961,1.18108797073364,5.75535702705383,0.317517042160034,3.45282602310181,0.421398162841797,0.000736474990844727,0.00960254669189453,0.00226759910583496,0.0142498016357422,0.896549463272095,27.5695266723633
23,chp_pv_bess_SanFrancisco_Hospital_539f7118ec4f024411ece26f_13_0.json,EightPercentGap,chp_pv_bess,SanFrancisco,Hospital,539f7118ec4f024411ece26f,13,0,0.0,0.0,0.0,0.0,0.0,0.0,0.0,1704187.0,7752817.01,7752817.0,2082060.39,0.0,0.0,0.0,2082060.39,0.0,0.0,3786246.0,3786245.67949896,0.320501044858247,0.392168998718262,3.98173928260803,115.131779909134,33.0993556976318,0.188093423843384,,0.00694823265075684,3.42001104354858,4.18176054954529,1.00447535514832,10.4311237335205,0.548696041107178,0.00100898742675781,0.0119092464447021,0.00243759155273438,0.0175864696502686,0.935290575027466,113.613236188889,0.222129106521606,0.000272989273071289,1.40208911895752,5.70773696899414,0.947549104690552,5.70555806159973,0.451558828353882,0.000730752944946289,0.00829291343688965,0.00225639343261719,0.0139126777648926,0.914009809494019,31.7068109512329
24,chp_hottes_SanFrancisco_Hospital_5e7cc9135457a338417d5622_9_0.json,EightPercentGap,chp_hottes,SanFrancisco,Hospital,5e7cc9135457a338417d5622,9,0,0.0,,0.0,0.0,188.511157513537,66.0736196319018,0.0,2436201.0,6141240.35,7752817.0,4095707.42,1414651.43,20252.52,0.0,5170497.86,1645502.29,0.0,8016073.0,7966813.01358914,49259.9864108637,0.264781951904297,3.22753953933716,125.198492765427,29.7937676906586,0.171560049057007,,0.00545883178710938,2.46676969528198,2.83877277374268,1.46910166740417,5.60378289222717,0.533363819122314,0.000701427459716797,0.008331298828125,0.00228285789489746,0.0160481929779053,0.937662363052368,123.698612689972,0.222772836685181,0.00020289421081543,1.16603708267212,5.70205998420715,0.318863868713379,3.19170594215393,0.454543113708496,0.000761270523071289,0.00833892822265625,0.00234675407409668,0.0139775276184082,0.917783498764038,28.394549369812
25,chp_hottes_SanFrancisco_Hospital_539f74f4ec4f024411ed0e5b_9_0.json,EightPercentGap,chp_hottes,SanFrancisco,Hospital,539f74f4ec4f024411ed0e5b,9,0,0.0,,0.0,0.0,0.0,0.0,0.0,1179820.0,7752817.01,7752817.0,3368587.57,2702266.31,0.0,0.0,3368587.57,2702266.32,0.0,7250674.0,7250674.47225341,-0.472253412939608,0.375940799713135,3.17861485481262,104.510956764221,30.3922033309937,0.143295764923096,,0.00827813148498535,1.74003171920776,3.83154296875,0.502975940704346,5.38688588142395,0.548668622970581,0.00082850456237793,0.00859165191650391,0.00241327285766602,0.0163545608520508,0.936054706573486,102.996451377869,0.220462083816528,0.000352859497070312,1.50816798210144,5.52932500839233,0.323400020599365,3.13254499435425,0.435696125030518,0.000770330429077148,0.0090184211730957,0.00232124328613281,0.0145175457000732,0.917190551757812,29.0112047195435
26,chp_pv_bess_coldtes_SanFrancisco_Hospital_539f6b62ec4f024411ec9bcb_13_0.json,EightPercentGap,chp_pv_bess_coldtes,SanFrancisco,Hospital,539f6b62ec4f024411ec9bcb,13,0,637.3481,914963.0,196.86032419213,390.411660956262,0.0,0.0,0.0,2827818.07,6842062.77,7752817.0,3079436.15,2359920.4,17253.6,0.0,3489343.17,2718212.13,0.0,7928994.0,8125632.06272902,-196638.062729021,0.352775812149048,3.92118310928345,86.6129875183105,31.9524054527283,0.193647861480713,,0.0589590072631836,3.2288646697998,4.38990497589111,1.14027738571167,7.21691799163818,1.90441560745239,0.00168395042419434,0.0459425449371338,0.00603199005126953,0.143702268600464,1.02326560020447,83.4868764877319,0.222583055496216,0.000745058059692383,1.26323795318604,5.93225789070129,0.338643789291382,3.62028789520264,0.445737361907959,0.000738143920898438,0.00878071784973145,0.00229811668395996,0.0145602226257324,0.951218605041504,30.5276081562042
27,chp_hottes_SanFrancisco_Hospital_539f7118ec4f024411ece26f_9_0.json,EightPercentGap,chp_hottes,SanFrancisco,Hospital,539f7118ec4f024411ece26f,9,0,0.0,,0.0,0.0,0.0,0.0,0.0,1179820.0,7752817.01,7752817.0,2082060.39,0.0,0.0,0.0,2082060.39,0.0,0.0,3261881.0,3261880.97515313,0.0248468746431172,0.301211595535278,3.34230995178223,89.1605315208435,42.1128218173981,0.143876314163208,,0.00667405128479004,2.64631462097168,3.80689740180969,0.847075700759888,9.00071787834167,0.475723743438721,0.000915765762329102,0.0106532573699951,0.00234484672546387,0.014007568359375,1.08021283149719,87.5748243331909,0.280012845993042,0.00585412979125977,1.38228797912598,6.32191109657288,0.931092023849487,5.17607593536377,0.59174656867981,0.000744342803955078,0.00842618942260742,0.00242900848388672,0.0153446197509766,1.15342855453491,40.3392288684845
28,chp_coldtes_SanFrancisco_Hospital_539f6b62ec4f024411ec9bcb_9_0.json,EightPercentGap,chp_coldtes,SanFrancisco,Hospital,539f6b62ec4f024411ec9bcb,9,0,0.0,,0.0,0.0,15.0,0.0,0.0,1280549.0,7621432.01,7752817.0,3430210.19,2822850.88,17253.6,0.0,3489343.17,2718212.13,0.0,7404630.0,7550864.18985003,-146234.189850031,1.10310220718384,3.26539206504822,65.5916345119476,36.0249924659729,0.166615962982178,,0.0599405765533447,2.05849933624268,3.55431747436523,0.686286211013794,5.50469136238098,0.454234838485718,0.000795364379882812,0.00871825218200684,0.00226831436157227,0.0138113498687744,0.945374250411987,64.1648778915405,0.227668046951294,0.000760078430175781,1.15166997909546,5.76392412185669,0.330780029296875,3.09245920181274,0.504734754562378,0.000775575637817383,0.00844430923461914,0.00237679481506348,0.0161325931549072,0.968328714370728,34.5227420330048
29,chp_pv_bess_hottes_SanFrancisco_Hospital_5d094abf5457a3ba43474943_9_0.json,EightPercentGap,chp_pv_bess_hottes,SanFrancisco,Hospital,5d094abf5457a3ba43474943,9,0,364.6855,523535.0,0.0,0.0,0.0,0.0,0.0,1558397.0,7229282.36,7752817.0,3680464.48,875316.61,1890.36,0.0,3948393.96,906903.01,0.0,6037008.0,6116069.08114937,-79061.0811493732,0.416725873947144,3.92822074890137,88.3158800601959,37.5236177444458,0.189613819122314,,0.00713300704956055,3.24594736099243,4.76014494895935,0.843351125717163,8.23150944709778,0.444846630096436,0.000809431076049805,0.00878548622131348,0.00234222412109375,0.0173232555389404,0.930624723434448,86.9093656539917,0.224727869033813,0.000244140625,1.11978006362915,5.49808812141418,0.785377979278564,3.95070481300354,0.484354496002197,0.000716686248779297,0.00820708274841309,0.00223708152770996,0.014197826385498,0.947487831115723,36.0649588108063
30,chp_hottes_SanFrancisco_Hospital_5e1676e95457a3f87673e3b0_9_0.json,EightPercentGap,chp_hottes,SanFrancisco,Hospital,5e1676e95457a3f87673e3b0,9,0,,,,,,,,,,,,,,,,,,,,,,,,,,,,,,,,,,,,,,,,,,,,,,,,,,,
31,chp_hottes_SanFrancisco_Hospital_5e1676e95457a3f87673e3b0_13_0.json,EightPercentGap,chp_hottes,SanFrancisco,Hospital,5e1676e95457a3f87673e3b0,13,0,,,,,,,,,,,,,,,,,,,,,,,,,,,,,,,,,,,,,,,,,,,,,,,,,,,
32,chp_hottes_SanFrancisco_Hospital_5e7cc9135457a338417d5622_13_0.json,EightPercentGap,chp_hottes,SanFrancisco,Hospital,5e7cc9135457a338417d5622,13,0,0.0,,0.0,0.0,1.8947806286936e-14,0.0,0.0,1704187.0,7752817.01,7752817.0,5170497.86,1645502.28,20252.52,0.0,5170497.86,1645502.29,0.0,8540438.0,8540437.91674706,0.0832529384642839,0.609170913696289,3.26489496231079,88.3836333751678,39.0965611934662,0.178588390350342,,0.00604104995727539,2.38351893424988,4.14046335220337,0.673470735549927,6.51270079612732,0.547545671463013,0.000777244567871094,0.00870680809020996,0.00232195854187012,0.0156323909759521,0.935217380523682,86.8714544773102,0.22704005241394,0.000200033187866211,0.965435981750488,6.06760191917419,0.424546957015991,3.12938523292542,0.547300100326538,0.000854015350341797,0.0105457305908203,0.00226831436157227,0.0153729915618896,0.936420440673828,37.5819745063782
33,chp_coldtes_SanFrancisco_Hospital_539f6b62ec4f024411ec9bcb_13_0.json,EightPercentGap,chp_coldtes,SanFrancisco,Hospital,539f6b62ec4f024411ec9bcb,13,0,0.0,,0.0,0.0,15.0,0.0,0.0,1751387.0,7751820.29,7752817.0,3488894.59,2825449.48,17253.6,0.0,3489343.17,2718212.13,0.0,7928994.0,8082984.68711105,-153990.687111054,0.254470586776733,4.55508136749268,107.207129001617,42.9260234832764,0.18230676651001,,0.060457706451416,2.50009870529175,3.65078711509705,0.792267322540283,5.46975660324097,0.73211145401001,0.00112080574035645,0.0103094577789307,0.00272250175476074,0.0209088325500488,1.19922971725464,105.238958835602,0.23583984375,0.00130486488342285,1.20734286308289,6.86192393302917,0.377938985824585,3.18794107437134,0.730925559997559,0.000958442687988281,0.00932550430297852,0.00263786315917969,0.0178468227386475,1.2740159034729,40.8885188102722
34,chp_coldtes_SanFrancisco_Hospital_5ec2a6945457a3e60d81625c_9_0.json,EightPercentGap,chp_coldtes,SanFrancisco,Hospital,5ec2a6945457a3e60d81625c,9,0,0.0,,0.0,0.0,15.0,0.0,0.0,1226719.0,7752109.94,7752817.0,2358350.5,2069432.66,46684.32,0.0,2358599.71,2090437.0,0.0,5675542.0,5701185.42013926,-25643.4201392643,0.343585014343262,3.25074815750122,99.4993028640747,38.8335647583008,0.171087026596069,,0.00550699234008789,1.72442317008972,4.5507960319519,0.715863227844238,5.28495836257935,0.557785511016846,0.000774383544921875,0.00953936576843262,0.00262880325317383,0.0172572135925293,0.946982860565186,97.9630630016327,0.224380016326904,0.000171899795532227,1.19669699668884,5.62569808959961,0.346055030822754,3.83975911140442,0.519797086715698,0.000732421875,0.00842785835266113,0.00242447853088379,0.0146110057830811,0.956638097763062,37.3291261196136
35,chp_coldtes_SanFrancisco_Hospital_5cb742345457a31e119b6ec3_9_0.json,EightPercentGap,chp_coldtes,SanFrancisco,Hospital,5cb742345457a31e119b6ec3,9,0,0.0,,0.0,0.0,1026.27626817884,0.0,0.0,9960131.0,597627.98,7752817.0,1082696.87,500966.35,85623.12,0.0,14503814.64,2115012.12,0.0,17884270.0,11629416.4773627,6254853.52263727,0.490500926971436,3.21733403205872,101.059244155884,39.5563073158264,0.168336629867554,,0.0609493255615234,1.92911434173584,4.29157161712646,1.04571175575256,6.04772520065308,0.557914018630981,0.000777006149291992,0.00853943824768066,0.00230979919433594,0.0165951251983643,0.947434663772583,99.5240631103516,0.223135948181152,0.000987052917480469,1.18992400169373,6.02692699432373,0.337137937545776,3.48320484161377,0.508844375610352,0.000731229782104492,0.00830626487731934,0.00230836868286133,0.0145018100738525,0.962434768676758,38.0577373504639
36,chp_pv_bess_SanFrancisco_Hospital_5d094abf5457a3ba43474943_13_0.json,EightPercentGap,chp_pv_bess,SanFrancisco,Hospital,5d094abf5457a3ba43474943,13,0,364.6855,523535.0,0.0,0.0,0.0,0.0,0.0,2082763.0,7229282.36,7752817.0,3680464.48,875316.61,1890.36,0.0,3948393.96,906903.01,0.0,6561373.0,6640433.7854952,-79060.7854951993,0.28145432472229,4.08830857276917,84.4434568881989,41.8087480068207,0.196633815765381,,0.00657749176025391,3.46263575553894,4.31184053421021,0.772240877151489,8.04688596725464,1.87934875488281,0.001739501953125,0.0452694892883301,0.00593805313110352,0.14142370223999,1.04745817184448,81.3212370872498,0.344542980194092,0.000247001647949219,1.20929789543152,5.98758220672607,0.796303987503052,4.85345721244812,0.520608425140381,0.000753879547119141,0.00892448425292969,0.00238585472106934,0.0151686668395996,1.00051665306091,40.2587866783142
37,chp_pv_bess_coldtes_SanFrancisco_Hospital_5e7cc9135457a338417d5622_13_0.json,EightPercentGap,chp_pv_bess_coldtes,SanFrancisco,Hospital,5e7cc9135457a338417d5622,13,0,340387.7972,488653400.0,93.2194143701118,122.925743110803,0.0,0.0,0.0,355240483.11,3038659.28,7752817.0,2026538.41,1270793.02,20252.52,0.0,5170497.86,1645502.29,0.0,8540438.0,358495263.00156,-349954825.00156,0.309442758560181,4.06759357452393,473.432821512222,53.1976869106293,0.199657678604126,,0.00600767135620117,2.88334727287292,5.13721680641174,1.06293749809265,7.284823179245,0.39561653137207,0.000966787338256836,0.010007381439209,0.00251340866088867,0.0156128406524658,0.974600315093994,472.032116651535,0.230627059936523,0.00018310546875,1.26284003257751,5.65190601348877,0.384853839874268,3.5010998249054,0.569622039794922,0.000944852828979492,0.0100312232971191,0.00237727165222168,0.0154454708099365,1.15092015266418,51.4468863010406
38,chp_hottes_SanFrancisco_Hospital_539f74f4ec4f024411ed0e5b_13_0.json,EightPercentGap,chp_hottes,SanFrancisco,Hospital,539f74f4ec4f024411ed0e5b,13,0,0.0,,0.0,0.0,0.0,0.0,0.0,1704187.0,7752817.01,7752817.0,3368587.57,2702266.31,0.0,0.0,3368587.57,2702266.32,0.0,7775039.0,7775039.17659924,-0.176599242724478,0.857315063476562,3.2757396697998,65.4391071796417,40.0632770061493,0.148948192596436,,0.00844526290893555,1.69968914985657,4.36670398712158,0.495864152908325,5.55187773704529,0.476679801940918,0.000819683074951172,0.00960731506347656,0.00236988067626953,0.0140600204467773,0.919278144836426,64.0147452354431,0.232237100601196,0.000395059585571289,1.14569091796875,5.79388308525085,0.319571971893311,3.15199184417725,0.535401344299316,0.000770807266235352,0.00876569747924805,0.00226402282714844,0.0146746635437012,0.988692283630371,38.5112292766571
39,chp_pv_bess_hottes_SanFrancisco_Hospital_539f7118ec4f024411ece26f_9_0.json,EightPercentGap,chp_pv_bess_hottes,SanFrancisco,Hospital,539f7118ec4f024411ece26f,9,0,0.0,0.0,0.0,0.0,0.0,0.0,0.0,1179820.0,7752817.01,7752817.0,2082060.39,0.0,0.0,0.0,2082060.39,0.0,0.0,3261881.0,3261880.97515313,0.0248468746431172,0.30525279045105,4.67204451560974,94.583242893219,36.9397542476654,0.192657947540283,,0.00719189643859863,3.22332215309143,6.1711437702179,1.05122375488281,10.7744688987732,0.450740575790405,0.000753402709960938,0.00882458686828613,0.0042569637298584,0.0166318416595459,0.956842660903931,93.1432635784149,1.63669013977051,0.0332751274108887,1.72643494606018,9.08840298652649,0.961764097213745,4.80339503288269,1.87796068191528,0.00167489051818848,0.0448868274688721,0.00598907470703125,0.143171310424805,0.994754314422607,33.8702836036682
40,chp_SanFrancisco_Hospital_539f74f4ec4f024411ed0e5b_13_0.json,EightPercentGap,chp,SanFrancisco,Hospital,539f74f4ec4f024411ed0e5b,13,0,0.0,,0.0,0.0,0.0,0.0,0.0,1704187.0,7752817.01,7752817.0,3368587.57,2702266.31,0.0,0.0,3368587.57,2702266.32,0.0,7775039.0,7775039.17659924,-0.176599242724478,0.267217636108398,3.24651050567627,70.4739396572113,41.3868889808655,0.148321390151978,,0.123956918716431,2.41486525535583,3.18782520294189,0.431176900863647,6.06873536109924,0.504641532897949,0.000724077224731445,0.00858116149902344,0.00224518775939941,0.0156576633453369,0.96157169342041,68.9789299964905,0.227267980575562,0.000336170196533203,1.32692003250122,6.47196912765503,0.318475008010864,3.09936094284058,0.606009721755981,0.000826835632324219,0.00884509086608887,0.00235795974731445,0.0151908397674561,1.26424050331116,39.4878666400909
41,chp_pv_bess_hottes_SanFrancisco_Hospital_5e1676e95457a3f87673e3b0_9_0.json,EightPercentGap,chp_pv_bess_hottes,SanFrancisco,Hospital,5e1676e95457a3f87673e3b0,9,0,,,,,,,,,,,,,,,,,,,,,,,,,,,,,,,,,,,,,,,,,,,,,,,,,,,
42,chp_SanFrancisco_Hospital_539f74f4ec4f024411ed0e5b_9_0.json,EightPercentGap,chp,SanFrancisco,Hospital,539f74f4ec4f024411ed0e5b,9,0,0.0,,0.0,0.0,34.3513176351562,0.0,0.0,1353448.0,7590455.74,7752817.0,3292170.65,2635420.52,0.0,0.0,3368587.57,2702266.32,0.0,7250674.0,7281039.5728735,-30365.5728734974,0.329493761062622,3.28868436813354,81.9448702335358,41.9154360294342,0.167059659957886,,0.00809407234191895,1.73438215255737,3.80574035644531,0.680462598800659,5.58593010902405,0.595085144042969,0.000746726989746094,0.00835561752319336,0.00228762626647949,0.0140879154205322,0.932756423950195,80.3907606601715,0.226637840270996,0.000379085540771484,1.15732407569885,5.87973809242249,0.310070991516113,4.10445189476013,0.567077875137329,0.000776767730712891,0.00944805145263672,0.00236082077026367,0.0145783424377441,0.990100383758545,40.3295545578003
43,chp_SanFrancisco_Hospital_5cb742345457a31e119b6ec3_9_0.json,EightPercentGap,chp,SanFrancisco,Hospital,5cb742345457a31e119b6ec3,9,0,0.0,,0.0,0.0,1026.27626817884,0.0,0.0,9960131.0,597627.98,7752817.0,1082696.87,500966.35,85623.12,0.0,14503814.64,2115012.12,0.0,17884270.0,11629416.4773627,6254853.52263727,0.393698692321777,3.22762775421143,95.9333603382111,46.4896743297577,0.165732145309448,,0.0595297813415527,2.35587763786316,2.96464705467224,1.05003714561462,5.3325207233429,0.538613557815552,0.000762701034545898,0.00896430015563965,0.00229287147521973,0.0166347026824951,0.942182779312134,94.4223918914795,0.225538969039917,0.0010828971862793,1.3207631111145,6.13595104217529,0.331829071044922,3.32170701026917,0.534045696258545,0.000745773315429688,0.00824260711669922,0.00238776206970215,0.0140421390533447,0.99162220954895,44.9371802806854
44,chp_pv_bess_coldtes_SanFrancisco_Hospital_539f7118ec4f024411ece26f_9_0.json,EightPercentGap,chp_pv_bess_coldtes,SanFrancisco,Hospital,539f7118ec4f024411ece26f,9,0,0.0,0.0,0.0,0.0,0.0,0.0,0.0,1179820.0,7752817.01,7752817.0,2082060.39,0.0,0.0,0.0,2082060.39,0.0,0.0,3261881.0,3261880.97515313,0.0248468746431172,0.332190990447998,4.2268283367157,117.977877378464,44.6528036594391,0.194220542907715,,0.00696992874145508,3.65716099739075,3.87327194213867,1.05594205856323,10.3772931098938,0.572997570037842,0.000723123550415039,0.00815939903259277,0.0022881031036377,0.0157415866851807,0.955342769622803,116.420996904373,0.320783138275146,0.000285863876342773,1.38725519180298,5.76370191574097,0.928133964538574,5.43292713165283,0.541832447052002,0.000708341598510742,0.00838208198547363,0.00235271453857422,0.0142650604248047,1.03386545181274,43.0498988628387
45,chp_pv_bess_SanFrancisco_Hospital_539f6b62ec4f024411ec9bcb_13_0.json,EightPercentGap,chp_pv_bess,SanFrancisco,Hospital,539f6b62ec4f024411ec9bcb,13,0,637.3481,914963.0,196.86032419213,390.411660956262,2.8421709430404e-14,0.0,0.0,2827818.07,6842062.77,7752817.0,3079436.15,2359920.4,17253.6,0.0,3489343.17,2718212.13,0.0,7928994.0,8125632.06272902,-196638.062729022,0.317264080047607,4.12534642219543,88.7978706359863,45.3100228309631,0.216774463653564,,0.0594708919525146,3.3093957901001,4.60330748558044,1.12745499610901,7.26051878929138,1.9660439491272,0.00174832344055176,0.0472896099090576,0.00629353523254395,0.146538257598877,1.07624459266663,85.5523064136505,0.237036943435669,0.00112104415893555,1.19923615455627,6.39908814430237,0.356620073318481,4.13073301315308,0.550524473190308,0.000790119171142578,0.33808970451355,0.00247001647949219,0.0129213333129883,1.11606240272522,43.2876770496368
46,chp_pv_bess_coldtes_SanFrancisco_Hospital_5cb742345457a31e119b6ec3_9_0.json,EightPercentGap,chp_pv_bess_coldtes,SanFrancisco,Hospital,5cb742345457a31e119b6ec3,9,0,1445.9114,2075720.0,283.063095083702,1093.62975949418,693.769239308677,0.0,0.0,9683904.82,349373.78,7752817.0,578026.92,466870.44,85623.12,0.0,14503814.64,2115012.12,0.0,17884270.0,10479643.9832723,7404626.01672768,0.57077431678772,4.12836360931396,136.112154960632,42.9512329101562,0.216923952102661,,0.0596725940704346,2.842689037323,5.07602024078369,2.17866444587708,7.7203369140625,0.425496339797974,0.000841140747070312,0.00870418548583984,0.00235843658447266,0.0155785083770752,0.994533538818359,134.66314291954,0.22475004196167,0.000991106033325195,1.22859811782837,5.91259694099426,0.525454998016357,3.12151002883911,0.564575910568237,0.000760555267333984,0.00849342346191406,0.00238680839538574,0.0146963596343994,1.08379888534546,41.2746386528015
47,chp_hottes_SanFrancisco_Hospital_5d094abf5457a3ba43474943_13_0.json,EightPercentGap,chp_hottes,SanFrancisco,Hospital,5d094abf5457a3ba43474943,13,0,0.0,,0.0,0.0,1.75438538812677e-14,0.0,0.0,1704187.0,7752817.01,7752817.0,3948393.95,906903.02,1890.36,0.0,3948393.96,906903.01,0.0,6561373.0,6561372.62845934,0.371540662832558,0.350136280059814,3.36498093605042,74.0704898834229,44.6742136478424,0.170801877975464,,0.00647473335266113,1.76888847351074,3.62082290649414,0.562530994415283,6.05506753921509,0.518082618713379,0.000818252563476562,0.00902700424194336,0.00231289863586426,0.0164251327514648,0.919414758682251,72.602267742157,0.224533081054688,0.000247955322265625,1.35152292251587,5.95786380767822,0.750972986221313,4.14748311042786,0.564922094345093,0.000798225402832031,0.00899767875671387,0.00231218338012695,0.0146327018737793,1.0557177066803,43.0254127979279
48,chp_pv_bess_SanFrancisco_Hospital_5e7cc9135457a338417d5622_9_0.json,EightPercentGap,chp_pv_bess,SanFrancisco,Hospital,5e7cc9135457a338417d5622,9,0,800.5567,1149261.0,27.415265541365,36.1517170218654,151.231415670459,0.0,0.0,3075581.6,5293117.92,7752817.0,3530078.79,1349792.89,20252.52,0.0,5170497.86,1645502.29,0.0,8016073.0,7957234.9142954,58838.0857046004,0.318458080291748,4.11312532424927,80.2960259914398,34.833710193634,0.219047546386719,,0.00586676597595215,3.28290009498596,4.89755320549011,1.41946053504944,6.88030791282654,0.396478652954102,0.000769615173339844,0.0085141658782959,0.00226497650146484,0.0139670372009277,0.969797134399414,78.9027183055878,0.223140954971313,0.000181913375854492,1.20782804489136,5.55642104148865,0.338567972183228,3.40434503555298,0.567934036254883,0.000811576843261719,0.010359525680542,0.00244617462158203,0.0143530368804932,0.999438762664795,33.2367851734161
49,chp_SanFrancisco_Hospital_539f7118ec4f024411ece26f_13_0.json,EightPercentGap,chp,SanFrancisco,Hospital,539f7118ec4f024411ece26f,13,0,0.0,,0.0,0.0,0.0,0.0,0.0,1704187.0,7752817.01,7752817.0,2082060.39,0.0,0.0,0.0,2082060.39,0.0,0.0,3786246.0,3786245.67949896,0.320501044858247,0.446325540542603,3.44203758239746,88.5496830940247,29.3088788986206,0.148803949356079,,0.00685358047485352,2.3882417678833,4.02289199829102,0.769952535629272,8.47160673141479,0.506608486175537,0.000765562057495117,0.00871515274047852,0.00233983993530273,0.0143165588378906,0.970166206359863,87.0451638698578,0.444056034088135,0.00593709945678711,1.36594200134277,6.48540616035461,0.958903074264526,5.66269612312317,0.394864320755005,0.00078272819519043,0.00858330726623535,0.00226783752441406,0.0134513378143311,0.889804363250732,27.9976642131805
50,chp_pv_bess_coldtes_SanFrancisco_Hospital_539f74f4ec4f024411ed0e5b_13_0.json,EightPercentGap,chp_pv_bess_coldtes,SanFrancisco,Hospital,539f74f4ec4f024411ed0e5b,13,0,521.9154,749251.0,64.7490236515456,129.748127583023,0.0,0.0,0.0,2398722.73,7006457.13,7752817.0,3022925.95,2475511.7,0.0,0.0,3368587.57,2702266.32,0.0,7775039.0,7844664.05484594,-69625.054845944,0.335555553436279,4.12465858459473,99.8258693218231,25.2561368942261,0.196632862091064,,0.00825357437133789,3.10843992233276,5.29945111274719,1.20024919509888,7.83779311180115,0.508722305297852,0.00081181526184082,0.00873327255249023,0.00258159637451172,0.0173015594482422,1.00016689300537,98.2859570980072,0.247592926025391,0.000372886657714844,1.41885495185852,5.51177597045898,0.343215942382812,3.38699793815613,0.381625890731812,0.000772237777709961,0.00824308395385742,0.00228714942932129,0.0138897895812988,0.916283845901489,23.9311785697937
51,chp_pv_bess_SanFrancisco_Hospital_539f74f4ec4f024411ed0e5b_13_0.json,EightPercentGap,chp_pv_bess,SanFrancisco,Hospital,539f74f4ec4f024411ed0e5b,13,0,521.9154,749251.0,64.7490236515456,129.748127583023,0.0,0.0,0.0,2398722.73,7006457.13,7752817.0,3022925.95,2475511.7,0.0,0.0,3368587.57,2702266.32,0.0,7775039.0,7844664.05484594,-69625.054845944,0.297803401947021,4.64957594871521,106.10329246521,25.2298362255096,0.199406623840332,,0.00887608528137207,4.32453107833862,4.6771502494812,1.2301082611084,7.8516001701355,0.637599468231201,0.000811338424682617,0.00845241546630859,0.00235390663146973,0.0167391300201416,0.989325284957886,104.446192741394,0.220616102218628,0.000375986099243164,1.21230101585388,5.76645421981812,0.338099956512451,3.09659481048584,0.413997888565063,0.000749826431274414,0.00940036773681641,0.00232863426208496,0.0140142440795898,0.899448871612549,23.8883953094482
52,chp_pv_bess_SanFrancisco_Hospital_5cb742345457a31e119b6ec3_9_0.json,EightPercentGap,chp_pv_bess,SanFrancisco,Hospital,5cb742345457a31e119b6ec3,9,0,1462.2863,2099227.0,281.974843508642,1084.85842944448,692.950616197935,0.0,0.0,9674133.37,347542.14,7752817.0,577445.93,468255.33,85623.12,0.0,14503814.64,2115012.12,0.0,17884270.0,10472875.3201829,7411394.67981709,0.370964765548706,4.27132749557495,177.078770160675,26.6949274539948,0.211707592010498,,0.0616087913513184,4.03427052497864,5.63905215263367,2.27501702308655,7.74441146850586,0.548993110656738,0.000859737396240234,0.00875306129455566,0.00233960151672363,0.0173218250274658,0.971419095993042,175.527552843094,0.281809091567993,0.000802040100097656,1.51380395889282,6.33771896362305,0.422152996063232,3.17647790908813,0.410277128219604,0.000728607177734375,0.00873589515686035,0.00224804878234863,0.0138800144195557,0.888694047927856,25.3688750267029
53,chp_pv_bess_hottes_SanFrancisco_Hospital_5e7cc9135457a338417d5622_9_0.json,EightPercentGap,chp_pv_bess_hottes,SanFrancisco,Hospital,5e7cc9135457a338417d5622,9,0,800.5567,1149261.0,27.415265541365,36.1517170218654,151.282135036005,31.4110429447853,0.0,3076047.6,5292579.64,7752817.0,3529719.82,1349730.79,20252.52,0.0,5170497.86,1645502.29,0.0,8016073.0,7957279.81685281,58793.1831471948,0.277799606323242,4.20521903038025,103.437649011612,27.3736684322357,0.235738515853882,,0.0062870979309082,3.23717999458313,5.03139495849609,2.58864378929138,8.3076491355896,1.92596507072449,0.0017998218536377,0.0496227741241455,0.00658082962036133,0.157754421234131,1.08130431175232,100.213443279266,0.331619024276733,0.000176906585693359,1.19900417327881,6.4615421295166,0.365965127944946,3.20586800575256,0.434410095214844,0.000813484191894531,0.00913453102111816,0.00231456756591797,0.0146114826202393,0.893949270248413,26.0169577598572
54,chp_pv_bess_coldtes_SanFrancisco_Hospital_539f74f4ec4f024411ed0e5b_9_0.json,EightPercentGap,chp_pv_bess_coldtes,SanFrancisco,Hospital,539f74f4ec4f024411ed0e5b,9,0,516.2351,741096.0,64.4758758939175,129.774497460835,32.6027994417316,0.0,0.0,2032949.01,6860492.74,7752817.0,2954138.6,2407548.4,0.0,0.0,3368587.57,2702266.32,0.0,7250674.0,7342245.68749087,-91571.6874908693,1.06472444534302,4.08685040473938,82.3909587860107,26.5738141536713,0.215686559677124,,0.0082402229309082,3.23042678833008,4.01765966415405,1.56733393669128,7.51860809326172,0.427321434020996,0.00273680686950684,0.00855064392089844,0.00239276885986328,0.0163657665252686,0.910613298416138,81.0213809013367,0.221621036529541,0.000380039215087891,1.22796320915222,5.8479859828949,0.331712007522583,3.38827204704285,0.460578680038452,0.000854969024658203,0.0100579261779785,0.00226688385009766,0.0141346454620361,0.8519446849823,25.232449054718
55,chp_coldtes_SanFrancisco_Hospital_539f74f4ec4f024411ed0e5b_13_0.json,EightPercentGap,chp_coldtes,SanFrancisco,Hospital,539f74f4ec4f024411ed0e5b,13,0,0.0,,0.0,0.0,0.0,0.0,0.0,1704187.0,7752817.01,7752817.0,3368587.57,2702266.31,0.0,0.0,3368587.57,2702266.32,0.0,7775039.0,7775039.17659924,-0.176599242724478,0.331387042999268,3.60947489738464,73.5100238323212,27.9112298488617,0.148817539215088,,0.00797533988952637,2.41639161109924,3.19340705871582,0.459857702255249,5.30206394195557,0.47790265083313,0.000871896743774414,0.00854611396789551,0.00247955322265625,0.0176327228546143,1.00001907348633,72.0008914470673,0.238523006439209,0.000380992889404297,1.2660219669342,6.09613800048828,0.371686935424805,3.12638783454895,0.412720918655396,0.000827550888061523,0.00878357887268066,0.00250768661499023,0.0146858692169189,1.0515341758728,26.4186098575592
56,chp_coldtes_SanFrancisco_Hospital_5e7cc9135457a338417d5622_9_0.json,EightPercentGap,chp_coldtes,SanFrancisco,Hospital,5e7cc9135457a338417d5622,9,0,0.0,,0.0,0.0,144.37870867001,0.0,0.0,2148194.0,6496520.45,7752817.0,4332650.31,1468696.05,20252.52,0.0,5170497.86,1645502.29,0.0,8016073.0,7969791.65026528,46281.3497347245,0.287711381912231,3.68689727783203,80.4303550720215,27.9834280014038,0.173141479492188,,0.00571179389953613,1.88805508613586,3.44865345954895,1.11848187446594,5.5388081073761,0.485614538192749,0.000872611999511719,0.00882720947265625,0.0025789737701416,0.0170600414276123,1.00648188591003,78.9071683883667,0.227447986602783,0.000171899795532227,1.37936496734619,5.8031599521637,0.382920026779175,3.14636898040771,0.417118787765503,0.00085139274597168,0.125714778900146,0.00248146057128906,0.0132181644439697,0.964476108551025,26.4579274654388
57,chp_pv_bess_SanFrancisco_Hospital_5d094abf5457a3ba43474943_9_0.json,EightPercentGap,chp_pv_bess,SanFrancisco,Hospital,5d094abf5457a3ba43474943,9,0,364.6855,523535.0,0.0,0.0,0.0,0.0,0.0,1558397.0,7229282.36,7752817.0,3680464.48,875316.61,1890.36,0.0,3948393.96,906903.01,0.0,6037008.0,6116069.08114937,-79061.0811493732,0.380751371383667,4.49911975860596,84.7226450443268,32.5017743110657,0.19737696647644,,0.00719499588012695,3.98081135749817,4.68732953071594,0.787571907043457,7.99717164039612,0.457501649856567,0.000801324844360352,0.0085599422454834,0.00249600410461426,0.0148880481719971,1.04739570617676,83.1887013912201,0.299669027328491,0.00026392936706543,1.15207195281982,5.93493485450745,0.914052963256836,3.58307290077209,0.450554370880127,0.000795841217041016,0.00890445709228516,0.00243258476257324,0.0144641399383545,0.930527210235596,31.092559337616
58,chp_pv_bess_SanFrancisco_Hospital_539f7118ec4f024411ece26f_9_0.json,EightPercentGap,chp_pv_bess,SanFrancisco,Hospital,539f7118ec4f024411ece26f,9,0,0.0,0.0,0.0,0.0,0.0,0.0,0.0,1179820.0,7752817.01,7752817.0,2082060.39,0.0,0.0,0.0,2082060.39,0.0,0.0,3261881.0,3261880.97515313,0.0248468746431172,0.359245538711548,4.45640587806702,109.1246342659,33.1140241622925,0.194717407226562,,0.00724887847900391,4.20373630523682,4.32784819602966,1.02614903450012,10.7001161575317,0.524456024169922,0.000878810882568359,0.00929784774780273,0.00256109237670898,0.0158448219299316,1.02619385719299,107.543667078018,0.240231990814209,0.000322103500366211,1.54738807678223,6.61980295181274,1.08933687210083,5.29469299316406,0.421858310699463,0.000883817672729492,0.00951194763183594,0.00255608558654785,0.015188455581665,1.06752872467041,31.5949401855469
59,chp_hottes_SanFrancisco_Hospital_539f6b62ec4f024411ec9bcb_13_0.json,EightPercentGap,chp_hottes,SanFrancisco,Hospital,539f6b62ec4f024411ec9bcb,13,0,0.0,,0.0,0.0,0.0,0.0,0.0,1704187.0,7752817.01,7752817.0,3489343.19,2857411.37,17253.6,0.0,3489343.17,2718212.13,0.0,7928994.0,8068193.46200811,-139199.462008114,0.379732847213745,3.4165153503418,88.9014949798584,28.6449866294861,0.14607310295105,,0.358736753463745,1.71114635467529,3.17200803756714,0.517831325531006,5.32320928573608,0.503466606140137,0.000782012939453125,0.00872182846069336,0.0025479793548584,0.0164318084716797,1.04158043861389,87.3263962268829,0.225021839141846,0.000782012939453125,1.34449505805969,6.31924295425415,0.344435930252075,3.18158912658691,0.405606508255005,0.000753164291381836,0.00861644744873047,0.00225496292114258,0.0141675472259521,1.12500190734863,27.0867581367493
60,chp_pv_bess_SanFrancisco_Hospital_539f74f4ec4f024411ed0e5b_9_0.json,EightPercentGap,chp_pv_bess,SanFrancisco,Hospital,539f74f4ec4f024411ed0e5b,9,0,516.2351,741096.0,64.4758758939174,129.774497460835,32.5085250410422,0.0,0.0,2032472.01,6860937.86,7752817.0,2954348.11,2407734.48,0.0,0.0,3368587.57,2702266.32,0.0,7250674.0,7342164.90762475,-91490.9076247523,0.41651725769043,4.00488662719727,111.338892936707,28.4639430046082,0.212072610855103,,0.00864911079406738,2.58906388282776,5.86178016662598,1.58568787574768,7.42677164077759,0.543705463409424,0.000833034515380859,0.00857925415039062,0.00233554840087891,0.0168807506561279,0.980888366699219,109.784065246582,0.264038801193237,0.000365018844604492,1.29657387733459,5.80336499214172,0.331399917602539,3.14169001579285,0.417979001998901,0.000800848007202148,0.00928521156311035,0.00229835510253906,0.0145037174224854,0.930408716201782,27.08722448349
61,chp_coldtes_SanFrancisco_Hospital_539f74f4ec4f024411ed0e5b_9_0.json,EightPercentGap,chp_coldtes,SanFrancisco,Hospital,539f74f4ec4f024411ed0e5b,9,0,0.0,,0.0,0.0,34.3513176351562,0.0,0.0,1353448.0,7590455.74,7752817.0,3292170.65,2635420.52,0.0,0.0,3368587.57,2702266.32,0.0,7250674.0,7281039.5728735,-30365.5728734974,0.298884391784668,3.24898171424866,100.696076154709,28.7828295230865,0.170003890991211,,0.00825071334838867,1.7223756313324,3.61475014686584,0.772656202316284,5.52883338928223,0.551640272140503,0.000830888748168945,0.00855684280395508,0.00257730484008789,0.0172317028045654,1.00274729728699,99.1109414100647,0.22570013999939,0.000361919403076172,1.27665781974792,5.56538391113281,0.32856011390686,3.28926301002502,0.421884775161743,0.00084376335144043,0.00944805145263672,0.00240731239318848,0.0146422386169434,0.992449283599854,27.3396878242493
62,chp_pv_bess_coldtes_SanFrancisco_Hospital_5ec2a6945457a3e60d81625c_9_0.json,EightPercentGap,chp_pv_bess_coldtes,SanFrancisco,Hospital,5ec2a6945457a3e60d81625c,9,0,110.0141,157934.0,30.7832945961093,64.8839742451765,0.0,0.0,0.0,1368514.95,7596327.71,7752817.0,2307999.78,2013953.33,46684.32,0.0,2358599.71,2090437.0,0.0,5675542.0,5711555.84830481,-36013.8483048063,0.316189527511597,4.03305649757385,84.8632140159607,29.2608788013458,0.192509412765503,,0.00582695007324219,3.14573693275452,4.70449924468994,0.980845212936401,7.33332371711731,1.91025471687317,0.00171995162963867,0.0482954978942871,0.00646734237670898,0.146947145462036,1.07130527496338,81.6773500442505,0.222929954528809,0.000185966491699219,1.33792805671692,5.79949593544006,0.328265905380249,3.21632385253906,0.440926313400269,0.000849246978759766,0.0144417285919189,0.00317835807800293,0.019233226776123,0.999198198318481,27.7816154956818
63,chp_pv_bess_hottes_SanFrancisco_Hospital_539f74f4ec4f024411ed0e5b_13_0.json,EightPercentGap,chp_pv_bess_hottes,SanFrancisco,Hospital,539f74f4ec4f024411ed0e5b,13,0,521.9154,749251.0,64.7490236515456,129.748127583023,0.0,0.0,0.0,2398722.73,7006457.13,7752817.0,3022925.95,2475511.7,0.0,0.0,3368587.57,2702266.32,0.0,7775039.0,7844664.05484594,-69625.054845944,0.494327306747437,4.04571557044983,89.3085124492645,29.9648194313049,0.195532560348511,,0.0084235668182373,2.97734999656677,4.98905277252197,1.31190824508667,7.65267372131348,0.46110987663269,0.000731229782104492,0.00813889503479004,0.00231075286865234,0.0145654678344727,0.96343994140625,87.8566522598267,0.227602005004883,0.000407934188842773,1.24971413612366,5.6738600730896,0.327874183654785,3.23940706253052,0.479542016983032,0.00075840950012207,0.00896334648132324,0.00240588188171387,0.014397144317627,0.98657751083374,28.4706349372864
64,chp_pv_bess_SanFrancisco_Hospital_5ec2a6945457a3e60d81625c_13_0.json,EightPercentGap,chp_pv_bess,SanFrancisco,Hospital,5ec2a6945457a3e60d81625c,13,0,110.0141,157934.0,30.7832945961093,64.8839742451766,1.8947806286936e-14,0.0,0.0,1892879.95,7596327.71,7752817.0,2307999.78,2013953.33,46684.32,0.0,2358599.71,2090437.0,0.0,6199906.0,6235920.55265063,-36014.5526506323,0.39891505241394,4.34773969650269,83.5797643661499,30.3971025943756,0.213477373123169,,0.00584745407104492,2.3029363155365,5.55602073669434,1.03642225265503,7.57074046134949,0.507661819458008,0.000863313674926758,0.00842523574829102,0.00237751007080078,0.0167090892791748,0.968931674957275,82.0731904506683,0.225934982299805,0.000164985656738281,1.24043393135071,6.24617600440979,0.328476905822754,3.23046588897705,0.42487359046936,0.000862836837768555,0.0103240013122559,0.00236010551452637,0.0147993564605713,0.979867935180664,28.9621298313141
65,chp_SanFrancisco_Hospital_5d094abf5457a3ba43474943_9_0.json,EightPercentGap,chp,SanFrancisco,Hospital,5d094abf5457a3ba43474943,9,0,0.0,,0.0,0.0,0.0,0.0,0.0,1179820.0,7752817.01,7752817.0,3948393.95,906903.02,1890.36,0.0,3948393.96,906903.01,0.0,6037008.0,6037007.92411351,0.0758864879608154,0.310980796813965,3.37053513526917,78.6590902805328,31.8487076759338,0.14861011505127,,0.00643134117126465,2.08036971092224,3.26002025604248,0.498578786849976,6.32705593109131,0.474143505096436,0.000771522521972656,0.00850439071655273,0.00229644775390625,0.0167315006256104,0.957149028778076,77.1979281902313,0.224269866943359,0.000258922576904297,1.26843094825745,5.8829140663147,0.772129058837891,4.43492078781128,0.432529926300049,0.000878810882568359,0.0103974342346191,0.00244235992431641,0.0146329402923584,0.969060182571411,30.4172921180725
66,chp_pv_bess_hottes_SanFrancisco_Hospital_5e1676e95457a3f87673e3b0_13_0.json,EightPercentGap,chp_pv_bess_hottes,SanFrancisco,Hospital,5e1676e95457a3f87673e3b0,13,0,,,,,,,,,,,,,,,,,,,,,,,,,,,,,,,,,,,,,,,,,,,,,,,,,,,
67,chp_pv_bess_hottes_SanFrancisco_Hospital_5ec2a6945457a3e60d81625c_13_0.json,EightPercentGap,chp_pv_bess_hottes,SanFrancisco,Hospital,5ec2a6945457a3e60d81625c,13,0,110.0141,157934.0,30.7832945961092,64.8839742451763,0.0,0.0,0.0,1892879.95,7596327.71,7752817.0,2307999.78,2013953.33,46684.32,0.0,2358599.71,2090437.0,0.0,6199906.0,6235920.55265063,-36014.5526506323,0.332433938980103,3.95624041557312,105.88062620163,30.3924686908722,0.199632406234741,,0.00597739219665527,4.13682317733765,5.40012669563293,1.31909084320068,7.35750508308411,0.548419237136841,0.000794410705566406,0.00834226608276367,0.00236845016479492,0.0148458480834961,0.91497278213501,104.390022516251,0.22380518913269,0.000185966491699219,1.27114391326904,5.54981017112732,0.320114135742188,3.15898489952087,0.442142486572266,0.000742435455322266,0.0102188587188721,0.00234007835388184,0.0140171051025391,0.899698495864868,29.0218093395233
68,chp_hottes_SanFrancisco_Hospital_5ec2a6945457a3e60d81625c_9_0.json,EightPercentGap,chp_hottes,SanFrancisco,Hospital,5ec2a6945457a3e60d81625c,9,0,0.0,,0.0,0.0,1.8947806286936e-14,0.0,0.0,1179820.0,7752817.01,7752817.0,2358599.7,2090437.02,46684.32,0.0,2358599.71,2090437.0,0.0,5675542.0,5675541.59608961,0.403910390101373,0.382523059844971,3.30696439743042,94.4254693984985,31.0812230110168,0.169235229492188,,0.00566792488098145,1.88925218582153,3.42582726478577,0.50377082824707,5.56344032287598,0.540395975112915,0.000743627548217773,0.00810384750366211,0.00229859352111816,0.0162003040313721,0.988109588623047,92.8681163787842,0.222500085830688,0.000165939331054688,1.24522185325623,5.56774210929871,0.321078777313232,3.12157607078552,0.442218542098999,0.000865697860717773,0.00890016555786133,0.00233173370361328,0.0146448612213135,0.988361358642578,29.6224141120911
69,chp_coldtes_SanFrancisco_Hospital_5e1676e95457a3f87673e3b0_9_0.json,EightPercentGap,chp_coldtes,SanFrancisco,Hospital,5e1676e95457a3f87673e3b0,9,0,0.0,,0.0,0.0,857.864384384165,0.0,0.0,8813487.0,1175475.1,7752817.0,1352638.5,1918003.31,157801.8,0.0,7964797.23,5274309.78,0.0,14576729.0,12241931.0702944,2334797.92970562,0.339304685592651,3.3171923160553,77.8393466472626,32.1814124584198,0.16851544380188,,0.0631382465362549,2.35123825073242,3.13939213752747,1.0804009437561,5.28155040740967,1.89432883262634,0.00162506103515625,0.0448896884918213,0.00581645965576172,0.142242908477783,1.03954553604126,74.7098519802094,0.218779802322388,0.000874996185302734,1.25090003013611,5.96488785743713,0.341126918792725,3.14206099510193,0.451416969299316,0.000757932662963867,0.00950837135314941,0.00229358673095703,0.0142917633056641,0.950462818145752,30.7512683868408
70,chp_pv_bess_coldtes_SanFrancisco_Hospital_5d094abf5457a3ba43474943_9_0.json,EightPercentGap,chp_pv_bess_coldtes,SanFrancisco,Hospital,5d094abf5457a3ba43474943,9,0,364.6855,523535.0,0.0,0.0,0.0,0.0,0.0,1558397.0,7229282.36,7752817.0,3680464.48,875316.61,1890.36,0.0,3948393.96,906903.01,0.0,6037008.0,6116069.08114937,-79061.0811493723,0.266212701797485,4.04613161087036,79.5140659809113,33.8235771656036,0.210617065429688,,0.00667238235473633,3.30004954338074,4.77861738204956,0.884871482849121,8.27051854133606,0.413652420043945,0.000782489776611328,0.00876903533935547,0.00241398811340332,0.0148627758026123,0.950703620910645,78.1213536262512,0.224837064743042,0.000247955322265625,1.31766605377197,5.71589112281799,0.769175052642822,3.78404211997986,0.494945287704468,0.000799179077148438,0.00980687141418457,0.00242257118225098,0.0149955749511719,0.982689142227173,32.3161644935608
71,chp_coldtes_SanFrancisco_Hospital_539f7118ec4f024411ece26f_9_0.json,EightPercentGap,chp_coldtes,SanFrancisco,Hospital,539f7118ec4f024411ece26f,9,0,0.0,,0.0,0.0,0.0,0.0,0.0,1179820.0,7752817.01,7752817.0,2082060.39,0.0,0.0,0.0,2082060.39,0.0,0.0,3261881.0,3261880.97515313,0.0248468746431172,0.574387311935425,3.46567225456238,82.1588578224182,37.6090433597565,0.151461839675903,,0.00684309005737305,2.34491944313049,3.7382595539093,0.84030294418335,8.30763006210327,0.435316801071167,0.00082850456237793,0.00888609886169434,0.00236916542053223,0.0173585414886475,0.991325855255127,80.7011947631836,0.2381432056427,0.000269889831542969,1.47009801864624,6.37371897697449,0.967397928237915,5.18921494483948,0.469729423522949,0.000860452651977539,0.0096592903137207,0.00239801406860352,0.0145716667175293,1.03664135932922,36.0736854076385
72,chp_pv_bess_coldtes_SanFrancisco_Hospital_5ec2a6945457a3e60d81625c_13_0.json,EightPercentGap,chp_pv_bess_coldtes,SanFrancisco,Hospital,5ec2a6945457a3e60d81625c,13,0,110.0141,157934.0,30.7832945961092,64.8839742451765,0.0,0.0,0.0,1892879.95,7596327.71,7752817.0,2307999.78,2013953.33,46684.32,0.0,2358599.71,2090437.0,0.0,6199906.0,6235920.55265063,-36014.5526506323,0.297916650772095,4.07823967933655,90.4302065372467,33.9417369365692,0.195364713668823,,0.0060269832611084,3.00182008743286,5.32757902145386,1.00370240211487,8.4041633605957,0.455321073532104,0.000761747360229492,0.00866246223449707,0.00224757194519043,0.016472339630127,1.25359511375427,88.6915791034698,0.283792018890381,0.000185012817382812,1.25194191932678,5.6901478767395,0.329802989959717,3.18946599960327,0.496656894683838,0.000764846801757812,0.00934004783630371,0.00231480598449707,0.014432430267334,1.00661182403564,32.410062789917
73,chp_SanFrancisco_Hospital_539f6b62ec4f024411ec9bcb_9_0.json,EightPercentGap,chp,SanFrancisco,Hospital,539f6b62ec4f024411ec9bcb,9,0,0.0,,0.0,0.0,15.0,0.0,0.0,1280549.0,7621432.01,7752817.0,3430210.19,2822850.88,17253.6,0.0,3489343.17,2718212.13,0.0,7404630.0,7550864.18985003,-146234.189850031,0.259270429611206,3.39899873733521,82.0914051532745,34.9928662776947,0.167256116867065,,0.0598258972167969,2.21736621856689,3.40387296676636,0.690330028533936,5.4905378818512,0.475841999053955,0.000810861587524414,0.00938034057617188,0.00226926803588867,0.0172278881072998,0.964713335037231,80.6196136474609,0.223490953445435,0.000735998153686523,1.23595809936523,6.78435802459717,0.323110103607178,3.95813202857971,0.520638942718506,0.000858545303344727,0.0103435516357422,0.0023953914642334,0.0147898197174072,1.00851893424988,33.4337291717529
74,chp_hottes_SanFrancisco_Hospital_5ec2a6945457a3e60d81625c_13_0.json,EightPercentGap,chp_hottes,SanFrancisco,Hospital,5ec2a6945457a3e60d81625c,13,0,0.0,,0.0,0.0,0.0,0.0,0.0,1704187.0,7752817.01,7752817.0,2358599.7,2090437.02,46684.32,0.0,2358599.71,2090437.0,0.0,6199906.0,6199906.30043544,-0.300435435958207,0.438307762145996,3.18933796882629,87.6867506504059,32.7461838722229,0.147536277770996,,0.00549197196960449,1.75917744636536,4.13158488273621,0.499960899353027,5.42616629600525,0.499565601348877,0.000742673873901367,0.00857424736022949,0.00226545333862305,0.0169055461883545,0.932121515274048,86.2250773906708,0.308866024017334,0.000194072723388672,1.1864321231842,5.61266803741455,0.313882827758789,3.20191383361816,0.490590333938599,0.000752687454223633,0.0083467960357666,0.00229358673095703,0.014965295791626,0.933128833770752,31.2946283817291
75,chp_coldtes_SanFrancisco_Hospital_5ec2a6945457a3e60d81625c_13_0.json,EightPercentGap,chp_coldtes,SanFrancisco,Hospital,5ec2a6945457a3e60d81625c,13,0,0.0,,0.0,0.0,15.0,0.0,0.0,1751146.0,7752224.72,7752817.0,2358395.4,2070953.35,46684.32,0.0,2358599.71,2090437.0,0.0,6199906.0,6227178.73786114,-27272.7378611444,0.293824672698975,3.18511629104614,105.746695756912,33.7763228416443,0.179153680801392,,0.00553727149963379,2.70410346984863,3.80248832702637,0.769850015640259,5.57032155990601,0.502419710159302,0.000799655914306641,0.00870490074157715,0.00231242179870605,0.017059326171875,1.26295518875122,103.950885295868,0.22599196434021,0.000166893005371094,1.28000497817993,5.56381702423096,0.317451000213623,3.19861507415771,0.466928005218506,0.000777721405029297,0.0099027156829834,0.00242400169372559,0.0146362781524658,1.00023198127747,32.2799236774445
76,chp_pv_bess_coldtes_SanFrancisco_Hospital_5e1676e95457a3f87673e3b0_13_0.json,EightPercentGap,chp_pv_bess_coldtes,SanFrancisco,Hospital,5e1676e95457a3f87673e3b0,13,0,1770.8243,2542157.0,434.293602741985,1677.98679579338,335.313106776537,0.0,0.0,7590930.74,2992223.5,7752817.0,2839495.13,1983800.28,157801.8,0.0,7964797.23,5274309.78,0.0,15101094.0,12058370.3548211,3042723.64517893,0.215050935745239,4.08664584159851,198.205504655838,41.6626083850861,0.2134108543396,,0.069840669631958,3.41711187362671,4.76348972320557,2.68652057647705,8.36682534217834,0.48595404624939,0.000865936279296875,0.01064133644104,0.00256204605102539,0.015230655670166,1.14378643035889,196.544896602631,0.290966987609863,0.00130295753479004,1.83572006225586,6.71549797058105,0.359246015548706,3.25087404251099,0.539673805236816,0.000766515731811523,0.0090186595916748,0.00241279602050781,0.0149693489074707,0.989442586898804,40.1043221950531
77,chp_pv_bess_hottes_SanFrancisco_Hospital_5e7cc9135457a338417d5622_13_0.json,EightPercentGap,chp_pv_bess_hottes,SanFrancisco,Hospital,5e7cc9135457a338417d5622,13,0,,,,,,,,,,,,,,,,,,,,,,,,,,,,,,,,,,,,,,,,,,,,,,,,,,,
78,chp_pv_bess_hottes_SanFrancisco_Hospital_5d094abf5457a3ba43474943_13_0.json,EightPercentGap,chp_pv_bess_hottes,SanFrancisco,Hospital,5d094abf5457a3ba43474943,13,0,364.6855,523535.0,0.0,0.0,0.0,0.0,0.0,2082763.0,7229282.36,7752817.0,3680464.48,875316.61,1890.36,0.0,3948393.96,906903.01,0.0,6561373.0,6640433.7854952,-79060.7854951993,0.521653890609741,4.01963019371033,127.178019523621,42.8589777946472,0.196758031845093,,0.00719261169433594,3.40585422515869,4.67632532119751,0.898751258850098,8.52331256866455,0.584738731384277,0.000780105590820312,0.00893282890319824,0.00233078002929688,0.0152549743652344,0.983887195587158,125.581192731857,0.242582082748413,0.000260114669799805,1.20337104797363,6.17452907562256,0.86378002166748,3.44440698623657,0.622747421264648,0.000733852386474609,0.00830888748168945,0.00228762626647949,0.0145771503448486,1.01261639595032,41.1958367824554
79,chp_coldtes_SanFrancisco_Hospital_5e7cc9135457a338417d5622_13_0.json,EightPercentGap,chp_coldtes,SanFrancisco,Hospital,5e7cc9135457a338417d5622,13,0,0.0,,0.0,0.0,15.0,0.0,0.0,1828973.0,7621432.01,7752817.0,5082874.77,1627133.27,20252.52,0.0,5170497.86,1645502.29,0.0,8540438.0,8559232.84224279,-18794.8422427885,0.294862508773804,3.33713841438293,118.706299781799,33.8784999847412,0.17712140083313,,0.00540375709533691,1.39986801147461,4.04616022109985,0.67993688583374,5.30572390556335,0.609831094741821,0.000854015350341797,0.00930500030517578,0.00237560272216797,0.0178596973419189,1.00401902198792,117.060776472092,1.4554979801178,0.024116039276123,1.55214691162109,8.68881702423096,0.345608949661255,3.22685194015503,1.88611507415771,0.00168251991271973,0.0454130172729492,0.00598812103271484,0.14265251159668,0.997946977615356,30.797679901123
80,chp_pv_bess_hottes_SanFrancisco_Hospital_5cb742345457a31e119b6ec3_13_0.json,EightPercentGap,chp_pv_bess_hottes,SanFrancisco,Hospital,5cb742345457a31e119b6ec3,13,0,,,,,,,,,,,,,,,,,,,,,,,,,,,,,,,,,,,,,,,,,,,,,,,,,,,
81,chp_SanFrancisco_Hospital_5e1676e95457a3f87673e3b0_13_0.json,EightPercentGap,chp,SanFrancisco,Hospital,5e1676e95457a3f87673e3b0,13,0,0.0,,0.0,0.0,725.059642871051,0.0,0.0,7586393.0,4122435.2,7752817.0,4124481.91,2437588.28,157801.8,0.0,7964797.23,5274309.78,0.0,15101094.0,14306263.7868623,794830.21313772,0.252753257751465,3.27899599075317,208.146375417709,25.0756616592407,0.168909072875977,,0.0643317699432373,1.865642786026,3.36408686637878,3.89359164237976,5.34301328659058,0.446596145629883,0.000699758529663086,0.00819134712219238,0.00225591659545898,0.0122518539428711,0.880468606948853,206.794816732407,0.275573015213013,0.000885009765625,1.13268899917603,5.83330011367798,0.333452939987183,3.30841898918152,0.395270347595215,0.000714540481567383,0.00817012786865234,0.00226092338562012,0.0133976936340332,0.819128513336182,23.8352890014648
82,chp_pv_bess_SanFrancisco_Hospital_5e1676e95457a3f87673e3b0_13_0.json,EightPercentGap,chp_pv_bess,SanFrancisco,Hospital,5e1676e95457a3f87673e3b0,13,0,1781.356,2557277.0,441.614526465012,1720.59086854008,332.769935562814,0.0,0.0,7619990.13,2984293.99,7752817.0,2830019.15,1976071.87,157801.8,0.0,7964797.23,5274309.78,0.0,15101094.0,12058703.4470009,3042390.55299911,0.391387701034546,4.02764225006104,209.675382375717,26.1271946430206,0.215713500976562,,0.0655708312988281,3.13164830207825,4.24380230903625,2.71937489509583,9.73723578453064,0.518113613128662,0.000733852386474609,0.00899958610534668,0.00229239463806152,0.0161375999450684,0.887979507446289,208.239554166794,0.223162174224854,0.000891923904418945,1.34391593933105,6.05405902862549,0.339779853820801,3.47849297523499,0.375677347183228,0.000730752944946289,0.00846552848815918,0.00223278999328613,0.0139012336730957,0.836941719055176,24.8878049850464
83,chp_pv_bess_SanFrancisco_Hospital_5e7cc9135457a338417d5622_13_0.json,EightPercentGap,chp_pv_bess,SanFrancisco,Hospital,5e7cc9135457a338417d5622,13,0,340387.7972,488653400.0,93.2194143701118,122.925743110804,0.0,0.0,0.0,355240483.11,3038659.28,7752817.0,2026538.41,1270793.02,20252.52,0.0,5170497.86,1645502.29,0.0,8540438.0,358495263.001478,-349954825.001478,0.262733936309814,4.01328754425049,465.42076086998,26.226949930191,0.197019338607788,,0.00646495819091797,3.88245368003845,4.08776569366455,1.09001016616821,7.44752621650696,0.532644033432007,0.000762939453125,0.00828123092651367,0.00228476524353027,0.0166015625,0.946028709411621,463.912745952606,0.222924947738647,0.000174999237060547,1.27060699462891,5.73489212989807,0.386137008666992,3.27458906173706,0.397807359695435,0.000730514526367188,0.00879311561584473,0.00224971771240234,0.0145039558410645,0.885735511779785,24.9155371189117
84,chp_hottes_SanFrancisco_Hospital_5d094abf5457a3ba43474943_9_0.json,EightPercentGap,chp_hottes,SanFrancisco,Hospital,5d094abf5457a3ba43474943,9,0,0.0,,0.0,0.0,0.0,0.0,0.0,1179820.0,7752817.01,7752817.0,3948393.95,906903.02,1890.36,0.0,3948393.96,906903.01,0.0,6037008.0,6037007.92411351,0.0758864879608154,0.6462242603302,3.79075360298157,76.0029304027557,29.4093062877655,0.148572683334351,,0.00644040107727051,1.64640784263611,4.04075717926025,0.54856276512146,5.50498199462891,2.05890321731567,0.00182914733886719,0.0509612560272217,0.00691628456115723,0.159166574478149,1.10228776931763,72.6216564178467,0.271198034286499,0.00357389450073242,1.55877113342285,6.09178805351257,0.782082080841064,3.5942120552063,0.420629739761353,0.00108957290649414,0.00962066650390625,0.00255513191223145,0.0164768695831299,0.95312237739563,28.0042934417725
85,chp_pv_bess_coldtes_SanFrancisco_Hospital_539f7118ec4f024411ece26f_13_0.json,EightPercentGap,chp_pv_bess_coldtes,SanFrancisco,Hospital,539f7118ec4f024411ece26f,13,0,0.0,0.0,0.0,0.0,0.0,0.0,0.0,1704187.0,7752817.01,7752817.0,2082060.39,0.0,0.0,0.0,2082060.39,0.0,0.0,3786246.0,3786245.67949896,0.320501044858247,0.273970127105713,4.40656781196594,101.896790266037,38.4612216949463,0.19224739074707,,0.00712895393371582,3.54501986503601,5.37623262405396,1.01590704917908,10.1246118545532,0.554624080657959,0.000847101211547852,0.00909090042114258,0.00249505043029785,0.0158987045288086,1.11765003204346,100.194496393204,0.223084926605225,0.000288963317871094,1.45577907562256,6.13394999504089,0.988615989685059,5.43686604499817,0.466308116912842,0.000856161117553711,0.00915002822875977,0.00249958038330078,0.015204906463623,1.14055490493774,36.8250987529755
86,chp_pv_bess_coldtes_SanFrancisco_Hospital_5d094abf5457a3ba43474943_13_0.json,EightPercentGap,chp_pv_bess_coldtes,SanFrancisco,Hospital,5d094abf5457a3ba43474943,13,0,364.6855,523535.0,0.0,0.0,0.0,0.0,0.0,2082763.0,7229282.36,7752817.0,3680464.48,875316.61,1890.36,0.0,3948393.96,906903.01,0.0,6561373.0,6640433.7854952,-79060.7854951993,0.290819644927979,4.74471545219421,77.3766119480133,29.1545643806458,0.200624942779541,,0.00680065155029297,2.58339810371399,5.48596739768982,0.78748893737793,7.50635290145874,0.417762041091919,0.000795364379882812,0.00943565368652344,0.00228190422058105,0.0138881206512451,0.936289310455322,75.9941687583923,0.226563930511475,0.00026392936706543,1.57302212715149,5.67922306060791,0.792145013809204,4.12597894668579,0.429209470748901,0.000776767730712891,0.00878214836120605,0.00232863426208496,0.0139963626861572,0.899168968200684,27.7988703250885
87,chp_pv_bess_coldtes_SanFrancisco_Hospital_5e7cc9135457a338417d5622_9_0.json,EightPercentGap,chp_pv_bess_coldtes,SanFrancisco,Hospital,5e7cc9135457a338417d5622,9,0,800.5567,1149261.0,27.415265541365,36.1517170218654,151.231415670459,0.0,0.0,3075581.6,5293117.92,7752817.0,3530078.79,1349792.89,20252.52,0.0,5170497.86,1645502.29,0.0,8016073.0,7957234.9142954,58838.0857046004,0.3750159740448,4.24070763587952,85.7833867073059,26.9142718315125,0.21445369720459,,0.00591421127319336,3.14071273803711,5.78770995140076,1.4171450138092,7.13758969306946,0.449296951293945,0.00082850456237793,0.00994205474853516,0.0022578239440918,0.0166981220245361,0.939058542251587,84.3638348579407,0.223510026931763,0.000181198120117188,1.19045495986938,5.54994797706604,0.32500696182251,3.14485001564026,0.421076059341431,0.000808954238891602,0.0100343227386475,0.00229883193969727,0.0139782428741455,0.90167760848999,25.562956571579
88,chp_coldtes_SanFrancisco_Hospital_539f7118ec4f024411ece26f_13_0.json,EightPercentGap,chp_coldtes,SanFrancisco,Hospital,539f7118ec4f024411ece26f,13,0,0.0,,0.0,0.0,0.0,0.0,0.0,1704187.0,7752817.01,7752817.0,2082060.39,0.0,0.0,0.0,2082060.39,0.0,0.0,3786246.0,3786245.67949896,0.320501044858247,0.305590867996216,3.40271496772766,85.4778304100037,31.0389852523804,0.148469924926758,,0.00658416748046875,2.91994094848633,3.89840984344482,0.776700019836426,7.95071268081665,0.468616008758545,0.000867128372192383,0.00968694686889648,0.00232672691345215,0.0166580677032471,0.931644201278687,84.0464422702789,0.273382902145386,0.00327897071838379,1.39877700805664,6.04040789604187,0.915347099304199,5.25337314605713,0.430436372756958,0.000813961029052734,0.00949835777282715,0.00237011909484863,0.0147559642791748,0.8758385181427,29.7036001682281
89,chp_pv_bess_coldtes_SanFrancisco_Hospital_5cb742345457a31e119b6ec3_13_0.json,EightPercentGap,chp_pv_bess_coldtes,SanFrancisco,Hospital,5cb742345457a31e119b6ec3,13,0,2031.6621,2916611.0,390.214836824385,2163.32574430842,427.542334745968,0.0,0.0,9307984.23,1965933.22,7752817.0,2673658.1,686055.42,85623.12,0.0,14503814.64,2115012.12,0.0,18408635.0,12160667.3711049,6247967.62889512,0.343814849853516,4.08483719825745,179.288298368454,28.8026185035706,0.212813377380371,,0.160019636154175,2.50933456420898,5.24695062637329,2.57202529907227,7.26456689834595,0.483994245529175,0.000741243362426758,0.0084991455078125,0.00227785110473633,0.0163888931274414,0.91605019569397,177.8588514328,0.296292066574097,0.000738859176635742,1.23551487922668,5.85398101806641,0.560175895690918,3.68402004241943,0.432231426239014,0.000744104385375977,0.0095677375793457,0.00242233276367188,0.0142531394958496,0.874076366424561,27.4679074287415
90,chp_pv_bess_SanFrancisco_Hospital_5e1676e95457a3f87673e3b0_9_0.json,EightPercentGap,chp_pv_bess,SanFrancisco,Hospital,5e1676e95457a3f87673e3b0,9,0,1544.0832,2216652.0,345.029963786377,1431.17535577592,479.51321788661,0.0,0.0,8048024.36,1602200.69,7752817.0,1526536.51,1668805.88,157801.8,0.0,7964797.23,5274309.78,0.0,14576729.0,10973470.7524411,3603258.24755889,0.564516067504883,4.04201626777649,130.48862695694,28.7858819961548,0.214089632034302,,0.0639533996582031,3.27279996871948,4.52570533752441,2.34462022781372,7.13085532188416,0.506131887435913,0.000798702239990234,0.00921201705932617,0.0023648738861084,0.017087459564209,1.00473594665527,128.946733474731,0.226264953613281,0.00111818313598633,1.27498698234558,6.14884996414185,0.338789939880371,3.12708282470703,0.41919732093811,0.000826358795166016,0.00847816467285156,0.00237178802490234,0.0147411823272705,0.982146501541138,27.3566241264343
91,chp_SanFrancisco_Hospital_539f6b62ec4f024411ec9bcb_13_0.json,EightPercentGap,chp,SanFrancisco,Hospital,539f6b62ec4f024411ec9bcb,13,0,0.0,,0.0,0.0,15.0,0.0,0.0,1751387.0,7751820.29,7752817.0,3488894.59,2825449.48,17253.6,0.0,3489343.17,2718212.13,0.0,7928994.0,8082984.68705603,-153990.687056029,0.325629711151123,3.47800326347351,109.020145893097,29.8949656486511,0.16979193687439,,0.060147762298584,1.71956062316895,3.67841029167175,0.914716243743896,5.40101504325867,0.550875186920166,0.000804662704467773,0.00837922096252441,0.00234889984130859,0.0167720317840576,1.0012092590332,107.438146591187,0.22782301902771,0.00075984001159668,1.26903796195984,6.41865015029907,0.349380970001221,3.16903686523438,0.436996936798096,0.000836610794067383,0.00896406173706055,0.00229501724243164,0.0143299102783203,0.959267616271973,28.470730304718
92,chp_hottes_SanFrancisco_Hospital_539f6b62ec4f024411ec9bcb_9_0.json,EightPercentGap,chp_hottes,SanFrancisco,Hospital,539f6b62ec4f024411ec9bcb,9,0,0.0,,0.0,0.0,0.0,0.0,0.0,1179820.0,7752817.01,7752817.0,3489343.19,2857411.37,17253.6,0.0,3489343.17,2718212.13,0.0,7404630.0,7543828.75766228,-139198.757662284,0.50797176361084,3.32182550430298,106.79390668869,30.1988849639893,0.145866870880127,,0.0601217746734619,2.28528809547424,3.73350214958191,0.654203653335571,5.1536717414856,0.585304021835327,0.00118470191955566,0.0107705593109131,0.0023958683013916,0.0167343616485596,1.00208044052124,105.173839092255,0.229851961135864,0.000818967819213867,1.22628593444824,6.79219102859497,0.343817949295044,3.35994410514832,0.429566383361816,0.000802516937255859,0.00999903678894043,0.00229763984680176,0.0144412517547607,0.959459066390991,28.7807369232178
93,chp_coldtes_SanFrancisco_Hospital_5cb742345457a31e119b6ec3_13_0.json,EightPercentGap,chp_coldtes,SanFrancisco,Hospital,5cb742345457a31e119b6ec3,13,0,0.0,,0.0,0.0,778.571564803619,0.0,0.0,9806664.0,2352454.33,7752817.0,3636273.93,890536.62,85623.12,0.0,14503814.64,2115012.12,0.0,18408635.0,14419096.2036064,3989538.79639364,0.247239589691162,3.31743550300598,119.955443620682,31.062849521637,0.292671203613281,,0.0598101615905762,1.94569873809814,3.60858964920044,1.82747411727905,5.26969051361084,0.558322668075562,0.000800132751464844,0.0086824893951416,0.00249314308166504,0.0166523456573486,1.00082921981812,118.36608338356,0.239843845367432,0.000754117965698242,1.29683804512024,6.88979697227478,0.335182905197144,3.11675095558167,0.426383495330811,0.000796318054199219,0.00883150100708008,0.00235676765441895,0.0143849849700928,0.944243431091309,29.6644277572632
94,chp_SanFrancisco_Hospital_5d094abf5457a3ba43474943_13_0.json,EightPercentGap,chp,SanFrancisco,Hospital,5d094abf5457a3ba43474943,13,0,0.0,,0.0,0.0,0.0,0.0,0.0,1704187.0,7752817.01,7752817.0,3948393.95,906903.02,1890.36,0.0,3948393.96,906903.01,0.0,6561373.0,6561372.62845934,0.371540662832558,0.297501802444458,3.34322094917297,72.8963918685913,31.4654376506805,0.149409055709839,,0.00601458549499512,2.42169141769409,3.224689245224,0.471428394317627,5.78965210914612,1.89741730690002,0.0017542839050293,0.0469670295715332,0.00630855560302734,0.144774675369263,1.06744742393494,69.7307846546173,0.224934101104736,0.000249147415161133,1.27109503746033,5.71698594093323,0.787237882614136,3.65176296234131,0.445358991622925,0.000786542892456055,0.00928282737731934,0.00234174728393555,0.0146000385284424,0.972602367401123,30.0190122127533
95,chp_SanFrancisco_Hospital_5ec2a6945457a3e60d81625c_9_0.json,EightPercentGap,chp,SanFrancisco,Hospital,5ec2a6945457a3e60d81625c,9,0,0.0,,0.0,0.0,15.0,0.0,0.0,1226719.0,7752109.94,7752817.0,2358350.5,2069432.66,46684.32,0.0,2358599.71,2090437.0,0.0,5675542.0,5701185.42005201,-25643.4200520106,0.343291282653809,3.30550670623779,70.3208131790161,30.6733822822571,0.17094874382019,,0.00561738014221191,2.26200723648071,4.13902759552002,0.744125127792358,5.20722126960754,0.403199672698975,0.000770807266235352,0.00829839706420898,0.00228977203369141,0.0145916938781738,0.942134380340576,68.9482042789459,0.22445011138916,0.000180959701538086,1.25010204315186,5.50744295120239,0.322288036346436,3.20207500457764,0.440092086791992,0.000753164291381836,0.0102026462554932,0.00249266624450684,0.014634370803833,0.955837726593018,29.2478697299957
