,file,scenario,tech_choice,city,doe_reference_name,urdb_label,natural_gas_price,iteration,pv_kw,pv_production,storage_kw,storage_kwh,chp_kw,hot_tes,cold_tes,net_capex_repl_om,energy_from_grid_year_one,energy_from_grid_year_one_bau,energy_cost,demand_cost,fixed_cost,min_cost_adder,energy_cost_bau,demand_cost_bau,min_cost_adder_bau,lcc_bau,lcc,npv,gap,pre_setup_scenario_seconds,setup_scenario_seconds,reopt_seconds,reopt_bau_seconds,parse_run_outputs_seconds,julia_input_construction_seconds,julia_reopt_preamble_seconds,julia_reopt_variables_seconds,julia_reopt_constriants_seconds,julia_reopt_optimize_seconds,julia_reopt_postprocess_seconds,pyjulia_start_seconds,pyjulia_pkg_seconds,pyjulia_activate_seconds,pyjulia_include_model_seconds,pyjulia_make_model_seconds,pyjulia_include_reopt_seconds,pyjulia_run_reopt_seconds,julia_input_construction_seconds_bau,julia_reopt_preamble_seconds_bau,julia_reopt_variables_seconds_bau,julia_reopt_constriants_seconds_bau,julia_reopt_optimize_seconds_bau,julia_reopt_postprocess_seconds_bau,pyjulia_start_seconds_bau,pyjulia_pkg_seconds_bau,pyjulia_activate_seconds_bau,pyjulia_include_model_seconds_bau,pyjulia_make_model_seconds_bau,pyjulia_include_reopt_seconds_bau,pyjulia_run_reopt_seconds_bau
0,chp_hottes_SanFrancisco_Hospital_5cb742345457a31e119b6ec3_9_0.json,FivePctGapBothTESReportGap,chp_hottes,SanFrancisco,Hospital,5cb742345457a31e119b6ec3,9,0,0.0,,0.0,0.0,1115.73997145844,0.0,0.0,10058233.0,552960.03,7752817.0,852354.18,360264.94,85623.12,0.0,14503814.64,2115012.12,0.0,17884270.0,11356477.3241425,6527792.67585747,0.0112219300333054,0.401075601577759,3.41778135299683,162.047238588333,35.4884583950043,0.171355247497559,,0.0586850643157959,2.49266314506531,3.166011095047,1.38585686683655,5.51325964927673,1.94679665565491,0.0017247200012207,0.0462577342987061,0.00616121292114258,0.146843194961548,1.0788676738739,158.819751262665,1.47429704666138,0.0257871150970459,1.52390694618225,9.52169704437256,0.345115900039673,3.44354104995728,1.99087882041931,0.00179195404052734,0.0479388236999512,0.00638294219970703,0.145365476608276,1.01983976364136,32.2752475738525
1,chp_pv_bess_hottes_SanFrancisco_Hospital_5d094abf5457a3ba43474943_13_0.json,FivePctGapBothTESReportGap,chp_pv_bess_hottes,SanFrancisco,Hospital,5d094abf5457a3ba43474943,13,0,364.6855,523535.0,0.0,0.0,5.6843418860808e-14,0.0,0.0,2082763.0,7229282.36,7752817.0,3680464.48,875316.61,1890.36,0.0,3948393.96,906903.01,0.0,6561373.0,6640433.7854952,-79060.7854951993,0.0191079130240849,0.309225797653198,4.61688089370728,96.0265576839447,29.7950978279114,0.220916509628296,,0.00662708282470703,3.13368082046509,4.78426861763,0.85391640663147,8.19782567024231,0.393754959106445,0.000797748565673828,0.0092768669128418,0.00225353240966797,0.013434886932373,0.928348302841187,94.6771113872528,1.07294297218323,0.00592589378356934,1.59103393554688,8.46717715263367,0.764992952346802,3.62394404411316,0.372621059417725,0.000808954238891602,0.00922727584838867,0.00223898887634277,0.0136258602142334,0.867118120193481,28.5279359817505
2,chp_pv_bess_coldtes_hottes_SanFrancisco_Hospital_5cb742345457a31e119b6ec3_13_0.json,FivePctGapBothTESReportGap,chp_pv_bess_coldtes_hottes,SanFrancisco,Hospital,5cb742345457a31e119b6ec3,13,0,,,,,,,,,,,,,,,,,,,,,,,,,,,,,,,,,,,,,,,,,,,,,,,,,,,,
3,chp_SanFrancisco_Hospital_539f74f4ec4f024411ed0e5b_9_0.json,FivePctGapBothTESReportGap,chp,SanFrancisco,Hospital,539f74f4ec4f024411ed0e5b,9,0,0.0,,0.0,0.0,68.5251567559371,0.0,0.0,1304858.0,7732475.99,7752817.0,3358538.23,2586824.01,0.0,0.0,3368587.57,2702266.32,0.0,7250674.0,7250220.63431181,453.365688188002,0.0064964431236884,0.28471851348877,3.30831432342529,90.7335286140442,26.0970704555511,0.182396173477173,,0.00823378562927246,2.24111819267273,3.19550848007202,0.908098459243774,5.82447957992554,0.490095376968384,0.000761270523071289,0.00852036476135254,0.00231242179870605,0.013700008392334,0.943827867507935,89.273491859436,0.303858995437622,0.00383615493774414,1.2102530002594,5.99826812744141,0.3369300365448,3.19463586807251,0.378823280334473,0.000825881958007812,0.00884175300598145,0.00247502326965332,0.013918399810791,0.888007164001465,24.8026773929596
4,chp_pv_bess_coldtes_SanFrancisco_Hospital_5e7cc9135457a338417d5622_13_0.json,FivePctGapBothTESReportGap,chp_pv_bess_coldtes,SanFrancisco,Hospital,5e7cc9135457a338417d5622,13,0,851.123,1221855.0,27.9681719271703,36.8808186666792,0.0,0.0,0.0,2642479.11,6531013.07,7752817.0,4355654.08,1532183.99,20252.52,0.0,5170497.86,1645502.29,0.0,8540438.0,8531726.13163268,8711.86836732365,0.026527557005292,0.36096453666687,4.10052752494812,103.422910690308,25.6272175312042,0.198447465896606,,0.00606417655944824,3.56169271469116,4.34201645851135,1.17989683151245,8.11922788619995,0.523844957351685,0.00083613395690918,0.00957965850830078,0.00246238708496094,0.0163953304290771,0.99697470664978,101.871210336685,0.287328004837036,0.000174045562744141,1.45983695983887,5.86319899559021,0.360948085784912,3.47266411781311,0.380779266357422,0.000806331634521484,0.00847887992858887,0.0023503303527832,0.0138099193572998,0.911481618881226,24.308002948761
5,chp_pv_bess_SanFrancisco_Hospital_5d094abf5457a3ba43474943_9_0.json,FivePctGapBothTESReportGap,chp_pv_bess,SanFrancisco,Hospital,5d094abf5457a3ba43474943,9,0,364.6855,523535.0,0.0,0.0,0.0,0.0,0.0,1558397.0,7229282.36,7752817.0,3680464.48,875316.61,1890.36,0.0,3948393.96,906903.01,0.0,6037008.0,6116069.08114937,-79061.0811493723,0.0207802339972679,0.299107789993286,3.86789083480835,95.4948065280914,28.2283113002777,0.202808380126953,,0.00669384002685547,3.26642799377441,5.01140189170837,0.808881998062134,8.49306201934814,0.501602649688721,0.000821113586425781,0.00969171524047852,0.00237798690795898,0.0166332721710205,0.969234943389893,93.9928758144379,0.224522113800049,0.000266075134277344,1.31710886955261,5.81972002983093,0.777205944061279,4.09138488769531,0.411150693893433,0.000909328460693359,0.0101561546325684,0.00232100486755371,0.0140023231506348,0.906625032424927,26.8816485404968
6,chp_coldtes_SanFrancisco_Hospital_5d094abf5457a3ba43474943_9_0.json,FivePctGapBothTESReportGap,chp_coldtes,SanFrancisco,Hospital,5d094abf5457a3ba43474943,9,0,0.0,,0.0,0.0,0.0,0.0,0.0,1179820.0,7752817.01,7752817.0,3948393.95,906903.02,1890.36,0.0,3948393.96,906903.01,0.0,6037008.0,6037007.92411351,0.0758864879608154,-1.78215153888426e-07,0.323324918746948,3.39803051948547,91.985363483429,27.6434302330017,0.15487265586853,,0.00657176971435547,2.31501817703247,3.80365109443665,0.492243051528931,6.67523813247681,0.53999662399292,0.00081944465637207,0.00838375091552734,0.00233292579650879,0.0166795253753662,0.978755235671997,90.4368326663971,0.224532127380371,0.000247001647949219,1.29046988487244,5.66712880134583,0.782956838607788,3.61359000205994,0.394959688186646,0.000842571258544922,0.00893020629882812,0.00235557556152344,0.0143260955810547,0.918380260467529,26.3022398948669
7,chp_pv_bess_coldtes_hottes_SanFrancisco_Hospital_5d094abf5457a3ba43474943_13_0.json,FivePctGapBothTESReportGap,chp_pv_bess_coldtes_hottes,SanFrancisco,Hospital,5d094abf5457a3ba43474943,13,0,364.6855,523535.0,0.0,0.0,0.0,0.0,0.0,2082763.0,7229282.36,7752817.0,3680464.48,875316.61,1890.36,0.0,3948393.96,906903.01,0.0,6561373.0,6640433.7854952,-79060.7854951993,0.0191079130240849,0.349457025527954,3.88869142532349,123.774769544601,28.7230513095856,0.197418212890625,,0.00693368911743164,3.51683378219604,4.4887170791626,0.878023147583008,8.6874053478241,0.583510875701904,0.000852346420288086,0.00903940200805664,0.00255179405212402,0.0173745155334473,0.988947629928589,122.1705930233,0.254070997238159,0.000248193740844727,1.26734590530396,5.94492411613464,0.847193956375122,3.60461497306824,0.414055824279785,0.000803947448730469,0.00938177108764648,0.00226998329162598,0.0140235424041748,0.914173364639282,27.3668854236603
8,chp_hottes_SanFrancisco_Hospital_539f6b62ec4f024411ec9bcb_9_0.json,FivePctGapBothTESReportGap,chp_hottes,SanFrancisco,Hospital,539f6b62ec4f024411ec9bcb,9,0,,,,,,,,,,,,,,,,,,,,,,,,,,,,,,,,,,,,,,,,,,,,,,,,,,,,
9,chp_pv_bess_coldtes_hottes_SanFrancisco_Hospital_5e7cc9135457a338417d5622_9_0.json,FivePctGapBothTESReportGap,chp_pv_bess_coldtes_hottes,SanFrancisco,Hospital,5e7cc9135457a338417d5622,9,0,,,,,,,,,,,,,,,,,,,,,,,,,,,,,,,,,,,,,,,,,,,,,,,,,,,,
10,chp_pv_bess_SanFrancisco_Hospital_5d094abf5457a3ba43474943_13_0.json,FivePctGapBothTESReportGap,chp_pv_bess,SanFrancisco,Hospital,5d094abf5457a3ba43474943,13,0,364.6855,523535.0,0.0,0.0,0.0,0.0,0.0,2082763.0,7229282.36,7752817.0,3680464.48,875316.61,1890.36,0.0,3948393.96,906903.01,0.0,6561373.0,6640433.7854952,-79060.7854951993,0.0191079130240849,0.46245002746582,3.86747074127197,90.4342527389526,38.9067316055298,0.203248023986816,,0.00771141052246094,3.18199849128723,5.37424850463867,0.82127833366394,8.39430618286133,0.526925563812256,0.000772714614868164,0.00851821899414062,0.00232243537902832,0.0114009380340576,0.88575553894043,88.9977245330811,0.260024070739746,0.000392913818359375,1.47866702079773,6.78437280654907,1.05379986763,5.30280590057373,0.543935298919678,0.000792980194091797,0.00849390029907227,0.00230050086975098,0.0142421722412109,0.864331483840942,37.4711606502533
11,chp_SanFrancisco_Hospital_539f6b62ec4f024411ec9bcb_9_0.json,FivePctGapBothTESReportGap,chp,SanFrancisco,Hospital,539f6b62ec4f024411ec9bcb,9,0,,,,,,,,,,,,,,,,,,,,,,,,,,,,,,,,,,,,,,,,,,,,,,,,,,,,
12,chp_SanFrancisco_Hospital_5e7cc9135457a338417d5622_13_0.json,FivePctGapBothTESReportGap,chp,SanFrancisco,Hospital,5e7cc9135457a338417d5622,13,0,0.0,,0.0,0.0,15.0,0.0,0.0,1729294.0,7752224.72,7752817.0,5170102.87,1629429.4,20252.52,0.0,5170497.86,1645502.29,0.0,8540438.0,8549077.57550576,-8639.57550576143,-0.00207467417073538,0.35431694984436,3.30652570724487,70.9966328144073,33.3674643039703,0.168560028076172,,0.00507807731628418,2.37341594696045,3.01399707794189,0.751773834228516,5.42724013328552,1.88709712028503,0.00181841850280762,0.0453763008117676,0.00589919090270996,0.143340110778809,1.02360343933105,67.8884572982788,0.219034910202026,0.000169992446899414,1.08034086227417,5.35641098022461,0.315433025360107,3.20577597618103,0.54161262512207,0.000788688659667969,0.00861907005310059,0.00230550765991211,0.0141174793243408,0.91856050491333,31.8800342082977
13,chp_pv_bess_hottes_SanFrancisco_Hospital_5cb742345457a31e119b6ec3_9_0.json,FivePctGapBothTESReportGap,chp_pv_bess_hottes,SanFrancisco,Hospital,5cb742345457a31e119b6ec3,9,0,,,,,,,,,,,,,,,,,,,,,,,,,,,,,,,,,,,,,,,,,,,,,,,,,,,,
14,chp_pv_bess_hottes_SanFrancisco_Hospital_539f7118ec4f024411ece26f_9_0.json,FivePctGapBothTESReportGap,chp_pv_bess_hottes,SanFrancisco,Hospital,539f7118ec4f024411ece26f,9,0,0.0,0.0,0.0,0.0,0.0,0.0,0.0,1179820.0,7752817.01,7752817.0,2082060.39,0.0,0.0,0.0,2082060.39,0.0,0.0,3261881.0,3261880.97515313,0.0248468746431172,-7.61734552643619e-09,0.368861198425293,4.18899440765381,105.214844226837,36.6296927928925,0.1915442943573,,0.00693392753601074,4.09578633308411,4.34140706062317,1.05685472488403,10.3869342803955,0.538041353225708,0.000834941864013672,0.00891494750976562,0.00249719619750977,0.0149667263031006,1.07447671890259,103.57363152504,1.4339280128479,0.0289020538330078,1.66108393669128,8.8955078125,0.969112873077393,5.03424286842346,1.94451951980591,0.00193190574645996,0.0498807430267334,0.00682306289672852,0.155860662460327,1.03275036811829,33.4370698928833
15,chp_pv_bess_hottes_SanFrancisco_Hospital_5e1676e95457a3f87673e3b0_13_0.json,FivePctGapBothTESReportGap,chp_pv_bess_hottes,SanFrancisco,Hospital,5e1676e95457a3f87673e3b0,13,0,,,,,,,,,,,,,,,,,,,,,,,,,,,,,,,,,,,,,,,,,,,,,,,,,,,,
16,chp_hottes_SanFrancisco_Hospital_539f6b62ec4f024411ec9bcb_13_0.json,FivePctGapBothTESReportGap,chp_hottes,SanFrancisco,Hospital,539f6b62ec4f024411ec9bcb,13,0,,,,,,,,,,,,,,,,,,,,,,,,,,,,,,,,,,,,,,,,,,,,,,,,,,,,
17,chp_pv_bess_hottes_SanFrancisco_Hospital_5cb742345457a31e119b6ec3_13_0.json,FivePctGapBothTESReportGap,chp_pv_bess_hottes,SanFrancisco,Hospital,5cb742345457a31e119b6ec3,13,0,,,,,,,,,,,,,,,,,,,,,,,,,,,,,,,,,,,,,,,,,,,,,,,,,,,,
18,chp_coldtes_SanFrancisco_Hospital_539f74f4ec4f024411ed0e5b_9_0.json,FivePctGapBothTESReportGap,chp_coldtes,SanFrancisco,Hospital,539f74f4ec4f024411ed0e5b,9,0,0.0,,0.0,0.0,72.851099054894,0.0,0.0,1311763.0,7732796.37,7752817.0,3358939.61,2598878.47,0.0,0.0,3368587.57,2702266.32,0.0,7250674.0,7269581.08313778,-18907.0831377823,0.00872774383690559,0.37295126914978,3.24034881591797,69.5651361942291,24.3554463386536,0.17266583442688,,0.0079953670501709,1.82882452011108,3.3001229763031,0.80605673789978,5.48791742324829,0.443121433258057,0.000712394714355469,0.00803899765014648,0.00222444534301758,0.0121505260467529,0.878747224807739,68.2193424701691,0.275974988937378,0.00605297088623047,1.08267402648926,5.39614796638489,0.327204942703247,3.10223197937012,0.370451211929321,0.000810384750366211,0.00966620445251465,0.00230693817138672,0.013716459274292,0.823837280273438,23.133141040802
19,chp_coldtes_SanFrancisco_Hospital_5e1676e95457a3f87673e3b0_9_0.json,FivePctGapBothTESReportGap,chp_coldtes,SanFrancisco,Hospital,5e1676e95457a3f87673e3b0,9,0,0.0,,0.0,0.0,945.613531478599,0.0,0.0,8243160.0,1931151.7,7752817.0,1927504.1,1574693.78,157801.8,0.0,7964797.23,5274309.78,0.0,14576729.0,11903159.5313701,2673569.46862986,0.0490246115492805,0.269590616226196,3.3469762802124,77.1856169700623,25.9851448535919,0.174038648605347,,0.064584493637085,2.9655339717865,3.47196173667908,1.05012607574463,5.660893201828,0.478453397750854,0.000774145126342773,0.00839090347290039,0.0022587776184082,0.0147674083709717,0.871946334838867,75.8075168132782,0.214878797531128,0.000874996185302734,1.42245507240295,6.09132313728333,0.322310924530029,3.06804990768433,0.390762090682983,0.000750303268432617,0.00899982452392578,0.0023047924041748,0.0134992599487305,0.817368268966675,24.7499842643738
20,chp_pv_bess_coldtes_SanFrancisco_Hospital_5cb742345457a31e119b6ec3_13_0.json,FivePctGapBothTESReportGap,chp_pv_bess_coldtes,SanFrancisco,Hospital,5cb742345457a31e119b6ec3,13,0,2082.4009,2989448.0,370.883071794212,1883.97121713424,503.439037657128,0.0,0.0,9677144.3,1671780.7,7752817.0,2167956.89,591134.6,85623.12,0.0,14503814.64,2115012.12,0.0,18408635.0,11993002.1085852,6415632.89141485,0.0255554300157652,0.268372058868408,3.86601805686951,246.420238494873,26.3639011383057,0.245871782302856,,0.0595839023590088,2.66432118415833,5.12633395195007,3.02029395103455,7.80061483383179,0.500536680221558,0.000786542892456055,0.00856590270996094,0.00594282150268555,0.0165128707885742,0.905216217041016,244.98104763031,0.218017101287842,0.000741958618164062,1.16337418556213,6.37395596504211,0.328819990158081,3.0985369682312,0.395717859268188,0.000823020935058594,0.00986337661743164,0.00226569175720215,0.0137646198272705,0.842867374420166,25.0971412658691
21,chp_pv_bess_SanFrancisco_Hospital_539f6b62ec4f024411ec9bcb_13_0.json,FivePctGapBothTESReportGap,chp_pv_bess,SanFrancisco,Hospital,539f6b62ec4f024411ec9bcb,13,0,,,,,,,,,,,,,,,,,,,,,,,,,,,,,,,,,,,,,,,,,,,,,,,,,,,,
22,chp_pv_bess_coldtes_SanFrancisco_Hospital_539f74f4ec4f024411ed0e5b_9_0.json,FivePctGapBothTESReportGap,chp_pv_bess_coldtes,SanFrancisco,Hospital,539f74f4ec4f024411ed0e5b,9,0,,,,,,,,,,,,,,,,,,,,,,,,,,,,,,,,,,,,,,,,,,,,,,,,,,,,
23,chp_pv_bess_SanFrancisco_Hospital_539f74f4ec4f024411ed0e5b_13_0.json,FivePctGapBothTESReportGap,chp_pv_bess,SanFrancisco,Hospital,539f74f4ec4f024411ed0e5b,13,0,,,,,,,,,,,,,,,,,,,,,,,,,,,,,,,,,,,,,,,,,,,,,,,,,,,,
24,chp_pv_bess_hottes_SanFrancisco_Hospital_5ec2a6945457a3e60d81625c_13_0.json,FivePctGapBothTESReportGap,chp_pv_bess_hottes,SanFrancisco,Hospital,5ec2a6945457a3e60d81625c,13,0,,,,,,,,,,,,,,,,,,,,,,,,,,,,,,,,,,,,,,,,,,,,,,,,,,,,
25,chp_hottes_SanFrancisco_Hospital_5ec2a6945457a3e60d81625c_13_0.json,FivePctGapBothTESReportGap,chp_hottes,SanFrancisco,Hospital,5ec2a6945457a3e60d81625c,13,0,0.0,,0.0,0.0,21.1459740658735,0.0,0.0,1739938.0,7751543.06,7752817.0,2358153.17,2071700.24,46684.32,0.0,2358599.71,2090437.0,0.0,6199906.0,6216476.95055309,-16570.9505530931,0.00446220242353045,0.355834722518921,3.3298704624176,224.713743209839,28.1275987625122,0.167897939682007,,0.00495386123657227,2.38966941833496,2.97707033157349,0.796180486679077,5.3698456287384,1.87700223922729,0.00172972679138184,0.0448391437530518,0.00595688819885254,0.14232611656189,1.03403735160828,221.606814622879,0.21623420715332,0.000155925750732422,1.58790493011475,5.29044198989868,0.318073034286499,3.43027400970459,0.458442687988281,0.00077056884765625,0.0084846019744873,0.00231099128723145,0.0141251087188721,0.930555105209351,26.7114014625549
26,chp_hottes_SanFrancisco_Hospital_5cb742345457a31e119b6ec3_13_0.json,FivePctGapBothTESReportGap,chp_hottes,SanFrancisco,Hospital,5cb742345457a31e119b6ec3,13,0,,,,,,,,,,,,,,,,,,,,,,,,,,,,,,,,,,,,,,,,,,,,,,,,,,,,
27,chp_pv_bess_coldtes_SanFrancisco_Hospital_539f6b62ec4f024411ec9bcb_13_0.json,FivePctGapBothTESReportGap,chp_pv_bess_coldtes,SanFrancisco,Hospital,539f6b62ec4f024411ec9bcb,13,0,,,,,,,,,,,,,,,,,,,,,,,,,,,,,,,,,,,,,,,,,,,,,,,,,,,,
28,chp_pv_bess_coldtes_SanFrancisco_Hospital_5d094abf5457a3ba43474943_13_0.json,FivePctGapBothTESReportGap,chp_pv_bess_coldtes,SanFrancisco,Hospital,5d094abf5457a3ba43474943,13,0,364.6855,523535.0,0.0,0.0,0.0,0.0,0.0,2082763.0,7229282.36,7752817.0,3680464.48,875316.61,1890.36,0.0,3948393.96,906903.01,0.0,6561373.0,6640433.7854952,-79060.7854951993,0.0191079130240849,0.256292581558228,3.84010481834412,88.3423984050751,30.5567874908447,0.191987276077271,,0.00658750534057617,2.59402751922607,4.87587571144104,0.776418685913086,8.38476848602295,0.501766443252563,0.000731229782104492,0.00797247886657715,0.00234556198120117,0.0127937793731689,0.897971630096436,86.9180142879486,0.274158954620361,0.000280857086181641,1.24403405189514,6.0722188949585,0.747488021850586,3.64386701583862,0.43312668800354,0.000812053680419922,0.00890731811523438,0.00230550765991211,0.0145571231842041,0.892354249954224,29.2032480239868
29,chp_coldtes_SanFrancisco_Hospital_5ec2a6945457a3e60d81625c_9_0.json,FivePctGapBothTESReportGap,chp_coldtes,SanFrancisco,Hospital,5ec2a6945457a3e60d81625c,9,0,0.0,,0.0,0.0,56.2771768613109,0.0,0.0,1280528.0,7739280.44,7752817.0,2353908.07,2017338.02,46684.32,0.0,2358599.71,2090437.0,0.0,5675542.0,5698457.36298011,-22915.3629801059,0.00598073801779548,0.321831226348877,3.29127764701843,82.9133644104004,29.6221313476562,0.17768383026123,,0.00535082817077637,1.77678894996643,3.18303608894348,0.822214126586914,5.52078604698181,0.523986101150513,0.00116467475891113,0.0131869316101074,0.00226402282714844,0.0153381824493408,0.947495222091675,81.4084146022797,0.220033884048462,0.000174045562744141,1.19607210159302,5.94141411781311,0.321588039398193,3.13148498535156,0.42609429359436,0.000750303268432617,0.00857996940612793,0.00233244895935059,0.0138607025146484,0.926812648773193,28.2419455051422
30,chp_pv_bess_hottes_SanFrancisco_Hospital_539f74f4ec4f024411ed0e5b_9_0.json,FivePctGapBothTESReportGap,chp_pv_bess_hottes,SanFrancisco,Hospital,539f74f4ec4f024411ed0e5b,9,0,,,,,,,,,,,,,,,,,,,,,,,,,,,,,,,,,,,,,,,,,,,,,,,,,,,,
31,chp_pv_bess_hottes_SanFrancisco_Hospital_539f74f4ec4f024411ed0e5b_13_0.json,FivePctGapBothTESReportGap,chp_pv_bess_hottes,SanFrancisco,Hospital,539f74f4ec4f024411ed0e5b,13,0,,,,,,,,,,,,,,,,,,,,,,,,,,,,,,,,,,,,,,,,,,,,,,,,,,,,
32,chp_pv_bess_coldtes_hottes_SanFrancisco_Hospital_5ec2a6945457a3e60d81625c_13_0.json,FivePctGapBothTESReportGap,chp_pv_bess_coldtes_hottes,SanFrancisco,Hospital,5ec2a6945457a3e60d81625c,13,0,,,,,,,,,,,,,,,,,,,,,,,,,,,,,,,,,,,,,,,,,,,,,,,,,,,,
33,chp_SanFrancisco_Hospital_539f6b62ec4f024411ec9bcb_13_0.json,FivePctGapBothTESReportGap,chp,SanFrancisco,Hospital,539f6b62ec4f024411ec9bcb,13,0,,,,,,,,,,,,,,,,,,,,,,,,,,,,,,,,,,,,,,,,,,,,,,,,,,,,
34,chp_SanFrancisco_Hospital_5d094abf5457a3ba43474943_13_0.json,FivePctGapBothTESReportGap,chp,SanFrancisco,Hospital,5d094abf5457a3ba43474943,13,0,0.0,,0.0,0.0,15.0,0.0,0.0,1729379.0,7752114.97,7752817.0,3948031.97,896696.18,1890.36,0.0,3948393.96,906903.01,0.0,6561373.0,6575997.57923221,-14624.5792322084,-0.000456364305789872,0.504787445068359,3.2138147354126,68.7757484912872,33.2290785312653,0.173596143722534,,0.00658988952636719,2.69585275650024,3.25667715072632,1.29822158813477,6.12695717811584,0.470676898956299,0.000779628753662109,0.0083155632019043,0.00229191780090332,0.012453556060791,0.916738271713257,67.3636693954468,0.221104860305786,0.000235080718994141,1.2952721118927,5.54738903045654,0.752098083496094,4.1317310333252,0.460965156555176,0.000757217407226562,0.00914430618286133,0.0023491382598877,0.014012336730957,0.944679975509644,31.7957544326782
35,chp_pv_bess_SanFrancisco_Hospital_5e1676e95457a3f87673e3b0_13_0.json,FivePctGapBothTESReportGap,chp_pv_bess,SanFrancisco,Hospital,5e1676e95457a3f87673e3b0,13,0,,,,,,,,,,,,,,,,,,,,,,,,,,,,,,,,,,,,,,,,,,,,,,,,,,,,
36,chp_SanFrancisco_Hospital_5e1676e95457a3f87673e3b0_9_0.json,FivePctGapBothTESReportGap,chp,SanFrancisco,Hospital,5e1676e95457a3f87673e3b0,9,0,0.0,,0.0,0.0,945.613531478599,0.0,0.0,8243160.0,1931151.7,7752817.0,1927504.1,1574693.78,157801.8,0.0,7964797.23,5274309.78,0.0,14576729.0,11903159.5313701,2673569.46862986,0.0490246115492805,0.24523401260376,3.25914263725281,79.18195271492,33.4502389431,0.170548915863037,,0.063267707824707,2.40005469322205,3.22373485565186,1.0443799495697,5.48932909965515,1.90625286102295,0.00174546241760254,0.047250509262085,0.00613808631896973,0.151257276535034,1.04467296600342,76.0235953330994,0.216818809509277,0.000957012176513672,1.18360280990601,5.84988284111023,0.3541100025177,3.17359209060669,0.497297048568726,0.000840187072753906,0.0103039741516113,0.00238633155822754,0.0142884254455566,1.22363781929016,31.6999580860138
37,chp_hottes_SanFrancisco_Hospital_5d094abf5457a3ba43474943_9_0.json,FivePctGapBothTESReportGap,chp_hottes,SanFrancisco,Hospital,5d094abf5457a3ba43474943,9,0,0.0,,0.0,0.0,0.0,0.0,0.0,1179820.0,7752817.01,7752817.0,3948393.95,906903.02,1890.36,0.0,3948393.96,906903.01,0.0,6037008.0,6037007.92411351,0.0758864879608154,-1.78215153888426e-07,0.342129707336426,3.23759841918945,68.8422627449036,34.8462212085724,0.148132562637329,,0.00642514228820801,2.46523094177246,3.57185292243958,0.540043830871582,6.34495854377747,0.413811206817627,0.000763893127441406,0.00841021537780762,0.00227642059326172,0.014462947845459,0.935807943344116,67.4652769565582,0.222178936004639,0.000231027603149414,1.32836413383484,6.15984797477722,0.763998985290527,4.10896801948547,0.481852054595947,0.000753402709960938,0.00838351249694824,0.00229406356811523,0.0143594741821289,0.964324712753296,33.3725399971008
38,chp_pv_bess_hottes_SanFrancisco_Hospital_5d094abf5457a3ba43474943_9_0.json,FivePctGapBothTESReportGap,chp_pv_bess_hottes,SanFrancisco,Hospital,5d094abf5457a3ba43474943,9,0,364.6855,523535.0,0.0,0.0,0.0,0.0,0.0,1558397.0,7229282.36,7752817.0,3680464.48,875316.61,1890.36,0.0,3948393.96,906903.01,0.0,6037008.0,6116069.08114937,-79061.0811493732,0.020780233997268,0.313134670257568,4.40361738204956,90.3039901256561,37.3725562095642,0.202080726623535,,0.28799843788147,3.44584941864014,5.2720205783844,0.868935823440552,8.65992069244385,0.591591596603394,0.00116133689880371,0.0106184482574463,0.00277233123779297,0.0197417736053467,1.10733008384705,88.5688626766205,0.313167810440063,0.000244855880737305,1.22659611701965,5.86828303337097,0.776661157608032,3.67255997657776,0.664408683776855,0.00108194351196289,0.00953340530395508,0.00279688835144043,0.017305850982666,1.28411626815796,35.3914923667908
39,chp_pv_bess_coldtes_SanFrancisco_Hospital_5cb742345457a31e119b6ec3_9_0.json,FivePctGapBothTESReportGap,chp_pv_bess_coldtes,SanFrancisco,Hospital,5cb742345457a31e119b6ec3,9,0,1550.2755,2225541.0,273.387531153,970.600398032782,765.636880049896,0.0,0.0,9522869.97,576638.28,7752817.0,700318.81,367066.8,85623.12,0.0,14503814.64,2115012.12,0.0,17884270.0,10369667.5435898,7514602.45641019,0.0328307834865096,0.384969472885132,4.1238842010498,213.80713224411,35.5013408660889,0.213070631027222,,0.0614748001098633,3.36883687973022,4.98419713973999,3.06125593185425,7.96554231643677,0.473378896713257,0.000841379165649414,0.00864124298095703,0.0023808479309082,0.0163092613220215,0.941921949386597,212.362052440643,0.220631122589111,0.000838994979858398,1.21784400939941,6.34513306617737,0.350943088531494,3.1926600933075,0.493970632553101,0.000894308090209961,0.00905394554138184,0.00246024131774902,0.0145707130432129,0.99863862991333,33.9802358150482
40,chp_SanFrancisco_Hospital_539f7118ec4f024411ece26f_9_0.json,FivePctGapBothTESReportGap,chp,SanFrancisco,Hospital,539f7118ec4f024411ece26f,9,0,0.0,,0.0,0.0,0.0,0.0,0.0,1179820.0,7752817.01,7752817.0,2082060.39,0.0,0.0,0.0,2082060.39,0.0,0.0,3261881.0,3261880.97515313,0.0248468746431172,-7.61734552643619e-09,0.337827205657959,3.30632090568542,91.953676700592,38.3368253707886,0.154014348983765,,0.00703811645507812,1.8533296585083,3.79315495491028,0.784907817840576,8.33742928504944,0.493323087692261,0.000839471817016602,0.00956273078918457,0.00228977203369141,0.0164055824279785,0.937465190887451,90.4922688007355,0.220684051513672,0.000261068344116211,1.41137790679932,6.50272107124329,0.933109998703003,5.10652184486389,0.56586217880249,0.000768899917602539,0.00846695899963379,0.0023643970489502,0.0141246318817139,1.26267647743225,36.4809687137604
41,chp_coldtes_SanFrancisco_Hospital_539f6b62ec4f024411ec9bcb_9_0.json,FivePctGapBothTESReportGap,chp_coldtes,SanFrancisco,Hospital,539f6b62ec4f024411ec9bcb,9,0,,,,,,,,,,,,,,,,,,,,,,,,,,,,,,,,,,,,,,,,,,,,,,,,,,,,
42,chp_pv_bess_coldtes_SanFrancisco_Hospital_5ec2a6945457a3e60d81625c_13_0.json,FivePctGapBothTESReportGap,chp_pv_bess_coldtes,SanFrancisco,Hospital,5ec2a6945457a3e60d81625c,13,0,,,,,,,,,,,,,,,,,,,,,,,,,,,,,,,,,,,,,,,,,,,,,,,,,,,,
43,chp_pv_bess_coldtes_SanFrancisco_Hospital_5d094abf5457a3ba43474943_9_0.json,FivePctGapBothTESReportGap,chp_pv_bess_coldtes,SanFrancisco,Hospital,5d094abf5457a3ba43474943,9,0,364.6855,523535.0,0.0,0.0,0.0,0.0,0.0,1558397.0,7229282.36,7752817.0,3680464.48,875316.61,1890.36,0.0,3948393.96,906903.01,0.0,6037008.0,6116069.08114937,-79061.0811493723,0.0207802339972679,0.290174245834351,4.68338656425476,92.2347586154938,28.7719714641571,0.20375394821167,,0.006744384765625,3.70984053611755,4.6149799823761,0.777526140213013,8.32492280006409,0.531882524490356,0.00118637084960938,0.0166466236114502,0.00409603118896484,0.0180509090423584,1.17228126525879,90.4890060424805,0.2241370677948,0.000258922576904297,1.27833485603333,5.88545799255371,0.751601934432983,3.70999383926392,0.398413896560669,0.000836610794067383,0.00890827178955078,0.00237178802490234,0.0139174461364746,0.945968627929688,27.4000294208527
44,chp_coldtes_SanFrancisco_Hospital_539f7118ec4f024411ece26f_9_0.json,FivePctGapBothTESReportGap,chp_coldtes,SanFrancisco,Hospital,539f7118ec4f024411ece26f,9,0,0.0,,0.0,0.0,0.0,0.0,0.0,1179820.0,7752817.01,7752817.0,2082060.39,0.0,0.0,0.0,2082060.39,0.0,0.0,3261881.0,3261880.97515313,0.0248468746431172,-7.61734552643619e-09,0.24792218208313,3.36681771278381,76.6584446430206,44.3545339107513,0.151760578155518,,0.00671887397766113,2.77105522155762,3.22768402099609,0.775227069854736,8.21929836273193,0.481493234634399,0.000797271728515625,0.00824546813964844,0.00233912467956543,0.0117232799530029,0.924633741378784,75.2277064323425,0.292383909225464,0.000274896621704102,1.356125831604,5.69886898994446,0.937061071395874,5.13462710380554,0.534824848175049,0.000796794891357422,0.00866150856018066,0.00251650810241699,0.016160249710083,1.01764750480652,42.7724349498749
45,chp_pv_bess_SanFrancisco_Hospital_539f7118ec4f024411ece26f_13_0.json,FivePctGapBothTESReportGap,chp_pv_bess,SanFrancisco,Hospital,539f7118ec4f024411ece26f,13,0,0.0,0.0,0.0,0.0,0.0,0.0,0.0,1704187.0,7752817.01,7752817.0,2082060.39,0.0,0.0,0.0,2082060.39,0.0,0.0,3786246.0,3786245.67949896,0.320501044858247,1.79465131057751e-07,0.290591478347778,4.03303122520447,93.3666913509369,36.9161467552185,0.199830055236816,,0.00688672065734863,4.21715044975281,4.99254035949707,1.01789784431458,10.5649991035461,0.465273380279541,0.000778436660766602,0.00826454162597656,0.00230050086975098,0.0143694877624512,0.942730903625488,91.9314713478088,1.48127698898315,0.0303330421447754,1.70301795005798,9.04920792579651,0.9604651927948,5.09379506111145,1.87401962280273,0.00179433822631836,0.0452606678009033,0.00596284866333008,0.143537759780884,0.999413013458252,33.8450984954834
46,chp_coldtes_SanFrancisco_Hospital_5ec2a6945457a3e60d81625c_13_0.json,FivePctGapBothTESReportGap,chp_coldtes,SanFrancisco,Hospital,5ec2a6945457a3e60d81625c,13,0,0.0,,0.0,0.0,41.6254259271118,0.0,0.0,1777367.0,7746826.17,7752817.0,2356471.86,2029845.93,46684.32,0.0,2358599.71,2090437.0,0.0,6199906.0,6210370.20179384,-10464.2017938355,0.00190596032266797,0.366072654724121,3.40571737289429,99.0774426460266,24.4398145675659,0.171577453613281,,0.00650262832641602,2.09373331069946,3.70410633087158,0.791350364685059,6.40473222732544,0.494011163711548,0.000872135162353516,0.00935482978820801,0.00236320495605469,0.0160653591156006,0.94460916519165,97.6086511611938,0.221243143081665,0.000237941741943359,1.40441799163818,5.56517791748047,0.324615001678467,3.06582999229431,0.383361339569092,0.000757455825805664,0.00829958915710449,0.0022733211517334,0.0133631229400635,0.96270489692688,23.0674865245819
47,chp_pv_bess_hottes_SanFrancisco_Hospital_539f7118ec4f024411ece26f_13_0.json,FivePctGapBothTESReportGap,chp_pv_bess_hottes,SanFrancisco,Hospital,539f7118ec4f024411ece26f,13,0,0.0,0.0,0.0,0.0,0.0,0.0,0.0,1704187.0,7752817.01,7752817.0,2082060.39,0.0,0.0,0.0,2082060.39,0.0,0.0,3786246.0,3786245.67949896,0.320501044858247,1.79465131057751e-07,0.282298564910889,4.05350565910339,115.922775506973,28.3051497936249,0.201100587844849,,0.00713992118835449,3.10714292526245,5.33885359764099,1.15178465843201,10.8777363300323,0.522753953933716,0.000770330429077148,0.00849270820617676,0.00236964225769043,0.0185482501983643,0.941789388656616,114.426468849182,0.24691915512085,0.000284910202026367,1.34144711494446,6.16969418525696,1.00460600852966,5.04918003082275,0.372584819793701,0.000856876373291016,0.00938844680786133,0.00229883193969727,0.0138571262359619,0.867826461791992,27.0368390083313
48,chp_coldtes_SanFrancisco_Hospital_539f7118ec4f024411ece26f_13_0.json,FivePctGapBothTESReportGap,chp_coldtes,SanFrancisco,Hospital,539f7118ec4f024411ece26f,13,0,0.0,,0.0,0.0,0.0,0.0,0.0,1704187.0,7752817.01,7752817.0,2082060.39,0.0,0.0,0.0,2082060.39,0.0,0.0,3786246.0,3786245.67949896,0.320501044858247,1.79465131057751e-07,0.303536653518677,3.36355686187744,99.0941615104675,28.8537981510162,0.154052257537842,,0.00676703453063965,1.86958003044128,3.98745369911194,0.808204174041748,8.43910193443298,0.581470966339111,0.000790834426879883,0.00852012634277344,0.0025169849395752,0.0164992809295654,0.947831392288208,97.5350151062012,0.223445177078247,0.000292062759399414,1.43429899215698,5.93014311790466,0.990454912185669,5.37866187095642,0.404179573059082,0.000690937042236328,0.0082085132598877,0.00227570533752441,0.0134341716766357,0.88265585899353,27.5408945083618
49,chp_coldtes_SanFrancisco_Hospital_539f74f4ec4f024411ed0e5b_13_0.json,FivePctGapBothTESReportGap,chp_coldtes,SanFrancisco,Hospital,539f74f4ec4f024411ed0e5b,13,0,0.0,,0.0,0.0,66.9987004719659,0.0,0.0,1825877.0,7738356.65,7752817.0,3361426.38,2607692.02,0.0,0.0,3368587.57,2702266.32,0.0,7775039.0,7794995.89363982,-19956.8936398234,0.0059692132787262,0.318454027175903,3.36212253570557,105.663295984268,26.3145155906677,0.171468019485474,,0.00820422172546387,1.84427928924561,4.14546489715576,0.863311529159546,5.8702392578125,0.665165424346924,0.000868558883666992,0.00859880447387695,0.00259232521057129,0.0167036056518555,1.01565384864807,103.95218205452,0.221760988235474,0.000375032424926758,1.30931901931763,5.57175087928772,0.350689888000488,3.23676991462708,0.446792602539062,0.000860214233398438,0.0096890926361084,0.00247931480407715,0.0148024559020996,0.948365688323975,24.890026807785
50,chp_pv_bess_SanFrancisco_Hospital_539f7118ec4f024411ece26f_9_0.json,FivePctGapBothTESReportGap,chp_pv_bess,SanFrancisco,Hospital,539f7118ec4f024411ece26f,9,0,0.0,0.0,0.0,0.0,0.0,0.0,0.0,1179820.0,7752817.01,7752817.0,2082060.39,0.0,0.0,0.0,2082060.39,0.0,0.0,3261881.0,3261880.97515313,0.0248468746431172,-7.61734552643619e-09,0.266777515411377,4.28613376617432,124.649003505707,30.1665904521942,0.196091651916504,,0.00704789161682129,3.88741302490234,5.19645214080811,1.05639410018921,11.8050448894501,0.587512969970703,0.00085759162902832,0.00950145721435547,0.00242280960083008,0.017188549041748,0.988861799240112,123.041162729263,0.256849050521851,0.000290155410766602,1.66603708267212,6.11262989044189,0.97986888885498,5.16928791999817,0.416766881942749,0.000901460647583008,0.00936675071716309,0.00236725807189941,0.0146453380584717,0.913587093353271,28.8074808120728
51,chp_pv_bess_hottes_SanFrancisco_Hospital_5e7cc9135457a338417d5622_13_0.json,FivePctGapBothTESReportGap,chp_pv_bess_hottes,SanFrancisco,Hospital,5e7cc9135457a338417d5622,13,0,,,,,,,,,,,,,,,,,,,,,,,,,,,,,,,,,,,,,,,,,,,,,,,,,,,,
52,chp_pv_bess_coldtes_SanFrancisco_Hospital_539f6b62ec4f024411ec9bcb_9_0.json,FivePctGapBothTESReportGap,chp_pv_bess_coldtes,SanFrancisco,Hospital,539f6b62ec4f024411ec9bcb,9,0,,,,,,,,,,,,,,,,,,,,,,,,,,,,,,,,,,,,,,,,,,,,,,,,,,,,
53,chp_pv_bess_coldtes_hottes_SanFrancisco_Hospital_5ec2a6945457a3e60d81625c_9_0.json,FivePctGapBothTESReportGap,chp_pv_bess_coldtes_hottes,SanFrancisco,Hospital,5ec2a6945457a3e60d81625c,9,0,,,,,,,,,,,,,,,,,,,,,,,,,,,,,,,,,,,,,,,,,,,,,,,,,,,,
54,chp_pv_bess_coldtes_hottes_SanFrancisco_Hospital_539f74f4ec4f024411ed0e5b_9_0.json,FivePctGapBothTESReportGap,chp_pv_bess_coldtes_hottes,SanFrancisco,Hospital,539f74f4ec4f024411ed0e5b,9,0,,,,,,,,,,,,,,,,,,,,,,,,,,,,,,,,,,,,,,,,,,,,,,,,,,,,
55,chp_SanFrancisco_Hospital_5cb742345457a31e119b6ec3_13_0.json,FivePctGapBothTESReportGap,chp,SanFrancisco,Hospital,5cb742345457a31e119b6ec3,13,0,0.0,,0.0,0.0,853.683960322307,0.0,0.0,10418569.0,1965949.78,7752817.0,2956640.63,772432.3,85623.12,0.0,14503814.64,2115012.12,0.0,18408635.0,14233266.167647,4175368.83235305,0.027191017269372,0.300552606582642,3.30766630172729,74.9084887504578,28.5859034061432,0.168397903442383,,0.0604836940765381,1.32941389083862,3.66867804527283,1.49822592735291,5.52631282806396,0.49459171295166,0.000768423080444336,0.00824928283691406,0.00231552124023438,0.0109846591949463,0.894386291503906,73.4963753223419,0.21723484992981,0.000722169876098633,1.22306704521179,6.25036096572876,0.327227830886841,3.09734702110291,0.417929649353027,0.00078582763671875,0.00885295867919922,0.00226378440856934,0.0137910842895508,0.992946863174438,27.1477410793304
56,chp_pv_bess_coldtes_hottes_SanFrancisco_Hospital_539f7118ec4f024411ece26f_9_0.json,FivePctGapBothTESReportGap,chp_pv_bess_coldtes_hottes,SanFrancisco,Hospital,539f7118ec4f024411ece26f,9,0,0.0,0.0,0.0,0.0,0.0,0.0,0.0,1179820.0,7752817.01,7752817.0,2082060.39,0.0,0.0,0.0,2082060.39,0.0,0.0,3261881.0,3261880.97515313,0.0248468746431172,-7.61734552643619e-09,0.391210317611694,3.95692873001099,100.140784978867,31.3990111351013,0.196356296539307,,0.0069420337677002,3.25920009613037,4.31997084617615,1.07236766815186,11.783677816391,0.487607479095459,0.000760316848754883,0.00845623016357422,0.00224661827087402,0.0139126777648926,0.896581649780273,98.729706287384,0.219628095626831,0.000273942947387695,1.42659306526184,5.86499190330505,0.928183078765869,5.36007499694824,0.414134740829468,0.000809192657470703,0.00975155830383301,0.00230836868286133,0.0141227245330811,1.05003595352173,29.9063196182251
57,chp_coldtes_SanFrancisco_Hospital_5cb742345457a31e119b6ec3_13_0.json,FivePctGapBothTESReportGap,chp_coldtes,SanFrancisco,Hospital,5cb742345457a31e119b6ec3,13,0,0.0,,0.0,0.0,853.683960322307,0.0,0.0,10418569.0,1965949.78,7752817.0,2956640.63,772432.3,85623.12,0.0,14503814.64,2115012.12,0.0,18408635.0,14233266.167647,4175368.83235305,0.027191017269372,0.381119251251221,3.29236674308777,81.1884613037109,29.5415678024292,0.177832841873169,,0.0595302581787109,2.18527936935425,3.62701082229614,1.66892695426941,5.50985527038574,0.437293291091919,0.000920295715332031,0.00981640815734863,0.00255727767944336,0.014427661895752,0.97481632232666,79.7470092773438,0.218291044235229,0.000897884368896484,1.22583508491516,5.94029211997986,0.337053060531616,3.19163203239441,0.453323125839233,0.000809431076049805,0.00873708724975586,0.00231695175170898,0.0139188766479492,0.938201665878296,28.1228065490723
58,chp_pv_bess_SanFrancisco_Hospital_5e7cc9135457a338417d5622_9_0.json,FivePctGapBothTESReportGap,chp_pv_bess,SanFrancisco,Hospital,5e7cc9135457a338417d5622,9,0,833.5139,1196574.0,27.9681719271703,36.8808186666792,132.924122960862,0.0,0.0,3010384.11,5399519.69,7752817.0,3601040.09,1370166.4,20252.52,0.0,5170497.86,1645502.29,0.0,8016073.0,7983000.8801763,33072.1198237007,0.0278307225143571,0.287117481231689,3.901118516922,97.0562586784363,29.6895868778229,0.21513843536377,,0.00570249557495117,2.88470697402954,4.87411308288574,1.45414972305298,7.78755307197571,0.560865640640259,0.000772476196289062,0.00874733924865723,0.00234532356262207,0.0139048099517822,0.933644533157349,95.5340344905853,0.221971988677979,0.000185966491699219,1.22169899940491,6.14669013023376,0.314265966415405,3.17348313331604,0.428350925445557,0.000866413116455078,0.00904154777526855,0.00229978561401367,0.0140731334686279,0.912093162536621,28.3214321136475
59,chp_pv_bess_SanFrancisco_Hospital_5e7cc9135457a338417d5622_13_0.json,FivePctGapBothTESReportGap,chp_pv_bess,SanFrancisco,Hospital,5e7cc9135457a338417d5622,13,0,851.123,1221855.0,27.9681719271703,36.8808186666792,1.8947806286936e-14,0.0,0.0,2642479.11,6531013.07,7752817.0,4355654.08,1532183.99,20252.52,0.0,5170497.86,1645502.29,0.0,8540438.0,8531726.13163268,8711.86836732365,0.026527557005292,0.466999769210815,4.0400562286377,98.6950078010559,28.9071259498596,0.21908712387085,,0.00551772117614746,3.51793599128723,4.21044182777405,1.11668109893799,7.53370261192322,1.87935471534729,0.00180506706237793,0.048670768737793,0.00654053688049316,0.153310775756836,1.049964427948,95.5543031692505,0.310930013656616,0.000171899795532227,1.21978116035461,5.30925607681274,0.323287963867188,3.41914200782776,0.430113554000854,0.000919342041015625,0.00986123085021973,0.00245833396911621,0.0143256187438965,0.994385480880737,27.4535789489746
60,chp_pv_bess_coldtes_hottes_SanFrancisco_Hospital_5e7cc9135457a338417d5622_13_0.json,FivePctGapBothTESReportGap,chp_pv_bess_coldtes_hottes,SanFrancisco,Hospital,5e7cc9135457a338417d5622,13,0,,,,,,,,,,,,,,,,,,,,,,,,,,,,,,,,,,,,,,,,,,,,,,,,,,,,
61,chp_pv_bess_coldtes_hottes_SanFrancisco_Hospital_5cb742345457a31e119b6ec3_9_0.json,FivePctGapBothTESReportGap,chp_pv_bess_coldtes_hottes,SanFrancisco,Hospital,5cb742345457a31e119b6ec3,9,0,,,,,,,,,,,,,,,,,,,,,,,,,,,,,,,,,,,,,,,,,,,,,,,,,,,,
62,chp_pv_bess_hottes_SanFrancisco_Hospital_5e1676e95457a3f87673e3b0_9_0.json,FivePctGapBothTESReportGap,chp_pv_bess_hottes,SanFrancisco,Hospital,5e1676e95457a3f87673e3b0,9,0,,,,,,,,,,,,,,,,,,,,,,,,,,,,,,,,,,,,,,,,,,,,,,,,,,,,
63,chp_hottes_SanFrancisco_Hospital_5d094abf5457a3ba43474943_13_0.json,FivePctGapBothTESReportGap,chp_hottes,SanFrancisco,Hospital,5d094abf5457a3ba43474943,13,0,0.0,,0.0,0.0,0.0,0.0,0.0,1704187.0,7752817.01,7752817.0,3948393.95,906903.02,1890.36,0.0,3948393.96,906903.01,0.0,6561373.0,6561372.62845934,0.371540662832558,-5.66254445270156e-08,0.388804912567139,4.35239553451538,95.1893002986908,34.705055475235,0.149945735931396,,0.00642061233520508,2.03770804405212,4.39138340950012,0.533573150634766,6.57355237007141,0.651512861251831,0.00150489807128906,0.30417537689209,0.00297284126281738,0.0158348083496094,1.40328550338745,92.8078439235687,0.281368970870972,0.000388145446777344,1.65628695487976,7.76555895805359,1.12336492538452,4.47133111953735,0.472259521484375,0.00109767913818359,0.0105245113372803,0.00265789031982422,0.0190911293029785,1.11164402961731,33.085871219635
64,chp_pv_bess_coldtes_hottes_SanFrancisco_Hospital_5e1676e95457a3f87673e3b0_9_0.json,FivePctGapBothTESReportGap,chp_pv_bess_coldtes_hottes,SanFrancisco,Hospital,5e1676e95457a3f87673e3b0,9,0,,,,,,,,,,,,,,,,,,,,,,,,,,,,,,,,,,,,,,,,,,,,,,,,,,,,
65,chp_pv_bess_coldtes_hottes_SanFrancisco_Hospital_539f7118ec4f024411ece26f_13_0.json,FivePctGapBothTESReportGap,chp_pv_bess_coldtes_hottes,SanFrancisco,Hospital,539f7118ec4f024411ece26f,13,0,0.0,0.0,0.0,0.0,0.0,0.0,0.0,1704187.0,7752817.01,7752817.0,2082060.39,0.0,0.0,0.0,2082060.39,0.0,0.0,3786246.0,3786245.67949896,0.320501044858247,1.79465131057751e-07,0.328433990478516,4.12608242034912,102.29092001915,34.6175310611725,0.196547746658325,,0.00661087036132812,3.87432718276978,4.33987832069397,1.03839206695557,10.7552144527435,1.88967061042786,0.00177335739135742,0.0453033447265625,0.00612711906433105,0.142665863037109,1.04545617103577,99.1588759422302,0.226613998413086,0.000277996063232422,1.39570093154907,5.91950798034668,0.951658010482788,5.30350208282471,0.451955080032349,0.000842809677124023,0.00931119918823242,0.00240445137023926,0.0148539543151855,0.944689512252808,33.1919093132019
66,chp_SanFrancisco_Hospital_5ec2a6945457a3e60d81625c_9_0.json,FivePctGapBothTESReportGap,chp,SanFrancisco,Hospital,5ec2a6945457a3e60d81625c,9,0,0.0,,0.0,0.0,56.8153803906562,0.0,0.0,1281555.0,7739046.97,7752817.0,2353825.54,2016638.93,46684.32,0.0,2358599.71,2090437.0,0.0,5675542.0,5698702.81812943,-23160.8181294287,0.0060592354450431,0.350363969802856,3.3010265827179,71.7208435535431,32.9567317962646,0.174287557601929,,0.00629353523254395,1.92973041534424,3.87576746940613,0.822111368179321,5.6414954662323,0.423063039779663,0.000807523727416992,0.00849580764770508,0.00227689743041992,0.0153520107269287,0.917646884918213,70.3516755104065,0.270485162734985,0.000165939331054688,1.24166011810303,6.40925812721252,0.316787004470825,3.14050102233887,0.492477416992188,0.000870227813720703,0.00906944274902344,0.0023951530456543,0.0143401622772217,0.963144779205322,31.4728951454163
67,chp_coldtes_SanFrancisco_Hospital_5d094abf5457a3ba43474943_13_0.json,FivePctGapBothTESReportGap,chp_coldtes,SanFrancisco,Hospital,5d094abf5457a3ba43474943,13,0,0.0,,0.0,0.0,15.0,0.0,0.0,1729379.0,7752114.97,7752817.0,3948031.97,896696.18,1890.36,0.0,3948393.96,906903.01,0.0,6561373.0,6575997.57923221,-14624.5792322084,-0.000456364305789872,0.295528650283813,3.43158173561096,80.4828531742096,49.4691405296326,0.168562650680542,,0.00678682327270508,2.09934568405151,4.95425343513489,1.3456072807312,6.38685321807861,0.461487293243408,0.000803232192993164,0.0103662014007568,0.00245451927185059,0.0159192085266113,1.29171013832092,78.698570728302,0.281301021575928,0.000253915786743164,1.16007614135742,5.52475905418396,0.74879789352417,3.82979917526245,0.539616823196411,0.000800848007202148,0.00973749160766602,0.00236916542053223,0.0182952880859375,1.07200884819031,47.8248310089111
68,chp_hottes_SanFrancisco_Hospital_5e7cc9135457a338417d5622_13_0.json,FivePctGapBothTESReportGap,chp_hottes,SanFrancisco,Hospital,5e7cc9135457a338417d5622,13,0,0.0,,0.0,0.0,0.0,0.0,0.0,1704187.0,7752817.01,7752817.0,5170497.86,1645502.28,20252.52,0.0,5170497.86,1645502.29,0.0,8540438.0,8540437.91674706,0.0832529384642839,-1.26838086246419e-07,0.530974388122559,3.28839206695557,73.4376473426819,37.256233215332,0.150700330734253,,0.00573420524597168,1.6183021068573,5.25356221199036,0.500258684158325,5.74381685256958,0.463209867477417,0.000829219818115234,0.0087885856628418,0.0022892951965332,0.0154778957366943,0.926276445388794,72.0192186832428,0.224119186401367,0.000169992446899414,1.11572790145874,5.42280197143555,0.340183973312378,3.1515839099884,0.482191562652588,0.000761747360229492,0.00868725776672363,0.00232076644897461,0.0154242515563965,0.983922958374023,35.7614717483521
69,chp_hottes_SanFrancisco_Hospital_5e7cc9135457a338417d5622_9_0.json,FivePctGapBothTESReportGap,chp_hottes,SanFrancisco,Hospital,5e7cc9135457a338417d5622,9,0,0.0,,0.0,0.0,193.361873842253,183.98773006135,0.0,2490043.0,6104608.85,7752817.0,4071277.21,1408711.23,20252.52,0.0,5170497.86,1645502.29,0.0,8016073.0,7990284.46440648,25788.5355935246,0.000617313119639067,0.374680042266846,3.31141495704651,206.190108776093,37.6875817775726,0.175621032714844,,0.00568819046020508,2.32033109664917,3.67202520370483,1.48775959014893,5.80705094337463,0.455071449279785,0.000815629959106445,0.00893187522888184,0.00225543975830078,0.016319751739502,0.94966721534729,204.755509376526,0.225082874298096,0.000159978866577148,1.05391788482666,5.36474013328552,0.336416006088257,3.17746210098267,0.488436222076416,0.000757932662963867,0.00842022895812988,0.00233912467956543,0.0142567157745361,0.986241102218628,36.1856830120087
70,chp_pv_bess_SanFrancisco_Hospital_5cb742345457a31e119b6ec3_9_0.json,FivePctGapBothTESReportGap,chp_pv_bess,SanFrancisco,Hospital,5cb742345457a31e119b6ec3,9,0,1540.3037,2211227.0,267.82851055089,953.151069354063,765.891157727488,0.0,0.0,9503048.9,583580.01,7752817.0,710888.82,372834.77,85623.12,0.0,14503814.64,2115012.12,0.0,17884270.0,10371955.2692509,7512314.73074911,0.0335353647842419,0.346109867095947,4.05463981628418,196.090250968933,39.7540686130524,0.216433763504028,,0.0612583160400391,3.50420713424683,5.79547715187073,3.06668853759766,8.14173650741577,0.532474517822266,0.000759601593017578,0.00854086875915527,0.00223731994628906,0.0163466930389404,0.940976142883301,194.587011575699,0.223543882369995,0.00117111206054688,1.21485495567322,6.04579401016235,0.349942922592163,3.14069414138794,0.507258653640747,0.000769376754760742,0.00859451293945312,0.00231671333312988,0.014472484588623,0.980615377426147,38.2386183738708
71,chp_pv_bess_coldtes_SanFrancisco_Hospital_5e1676e95457a3f87673e3b0_9_0.json,FivePctGapBothTESReportGap,chp_pv_bess_coldtes,SanFrancisco,Hospital,5e1676e95457a3f87673e3b0,9,0,1543.9909,2216521.0,292.576016028175,1119.49423350898,603.470555342244,0.0,0.0,7848916.01,1914908.03,7752817.0,1747082.86,1367919.93,157801.8,0.0,7964797.23,5274309.78,0.0,14576729.0,10777866.4874612,3798862.51253878,0.0647571095211998,0.336298704147339,3.99793457984924,482.497414112091,43.1192378997803,0.219012260437012,,0.0656979084014893,2.75526428222656,5.96721959114075,2.66597056388855,8.25418853759766,0.556351900100708,0.00087738037109375,0.00922632217407227,0.00243401527404785,0.0168225765228271,0.97622275352478,480.933866977692,0.289108037948608,0.0014488697052002,1.19663500785828,6.24972105026245,0.379289150238037,3.28239798545837,0.594643354415894,0.000762939453125,0.00905227661132812,0.00236845016479492,0.0146112442016602,1.04051899909973,41.4557383060455
72,chp_hottes_SanFrancisco_Hospital_5ec2a6945457a3e60d81625c_9_0.json,FivePctGapBothTESReportGap,chp_hottes,SanFrancisco,Hospital,5ec2a6945457a3e60d81625c,9,0,,,,,,,,,,,,,,,,,,,,,,,,,,,,,,,,,,,,,,,,,,,,,,,,,,,,
73,chp_hottes_SanFrancisco_Hospital_5e1676e95457a3f87673e3b0_9_0.json,FivePctGapBothTESReportGap,chp_hottes,SanFrancisco,Hospital,5e1676e95457a3f87673e3b0,9,0,,,,,,,,,,,,,,,,,,,,,,,,,,,,,,,,,,,,,,,,,,,,,,,,,,,,
74,chp_coldtes_SanFrancisco_Hospital_539f6b62ec4f024411ec9bcb_13_0.json,FivePctGapBothTESReportGap,chp_coldtes,SanFrancisco,Hospital,539f6b62ec4f024411ec9bcb,13,0,,,,,,,,,,,,,,,,,,,,,,,,,,,,,,,,,,,,,,,,,,,,,,,,,,,,
75,chp_coldtes_SanFrancisco_Hospital_5cb742345457a31e119b6ec3_9_0.json,FivePctGapBothTESReportGap,chp_coldtes,SanFrancisco,Hospital,5cb742345457a31e119b6ec3,9,0,0.0,,0.0,0.0,1115.73997145844,0.0,0.0,10058233.0,552960.03,7752817.0,852354.18,360264.94,85623.12,0.0,14503814.64,2115012.12,0.0,17884270.0,11356477.3241425,6527792.67585747,0.0112219300333054,0.343121767044067,3.35071063041687,70.8068542480469,28.7704060077667,0.171669483184814,,0.0589206218719482,2.59826707839966,3.00470089912415,1.02836155891418,5.61961102485657,0.391910791397095,0.000794172286987305,0.00906825065612793,0.00228071212768555,0.0132999420166016,1.00331211090088,69.3846547603607,0.221652984619141,0.000751972198486328,1.2246880531311,6.32158398628235,0.32674503326416,3.17765212059021,0.450132369995117,0.000751018524169922,0.00858497619628906,0.00232172012329102,0.0142223834991455,0.906652927398682,27.3862192630768
76,chp_SanFrancisco_Hospital_5cb742345457a31e119b6ec3_9_0.json,FivePctGapBothTESReportGap,chp,SanFrancisco,Hospital,5cb742345457a31e119b6ec3,9,0,0.0,,0.0,0.0,1115.73997145844,0.0,0.0,10058233.0,552960.03,7752817.0,852354.18,360264.94,85623.12,0.0,14503814.64,2115012.12,0.0,17884270.0,11356477.3241425,6527792.67585747,0.0112219300333054,0.397820472717285,3.26893377304077,75.5743801593781,41.4786553382874,0.169865846633911,,0.123514652252197,2.25273489952087,3.51391577720642,1.03105807304382,5.50184798240662,1.89800095558167,0.00167179107666016,0.0445249080657959,0.00579118728637695,0.140088796615601,1.04029870033264,72.4430434703827,0.230707883834839,0.00118303298950195,1.30568695068359,6.04990196228027,0.338319778442383,3.2256760597229,0.547152996063232,0.000823020935058594,0.00942063331604004,0.0023505687713623,0.0147035121917725,1.03140211105347,39.871346950531
77,chp_hottes_SanFrancisco_Hospital_5e1676e95457a3f87673e3b0_13_0.json,FivePctGapBothTESReportGap,chp_hottes,SanFrancisco,Hospital,5e1676e95457a3f87673e3b0,13,0,,,,,,,,,,,,,,,,,,,,,,,,,,,,,,,,,,,,,,,,,,,,,,,,,,,,
78,chp_pv_bess_SanFrancisco_Hospital_5ec2a6945457a3e60d81625c_9_0.json,FivePctGapBothTESReportGap,chp_pv_bess,SanFrancisco,Hospital,5ec2a6945457a3e60d81625c,9,0,,,,,,,,,,,,,,,,,,,,,,,,,,,,,,,,,,,,,,,,,,,,,,,,,,,,
79,chp_pv_bess_coldtes_hottes_SanFrancisco_Hospital_539f6b62ec4f024411ec9bcb_9_0.json,FivePctGapBothTESReportGap,chp_pv_bess_coldtes_hottes,SanFrancisco,Hospital,539f6b62ec4f024411ec9bcb,9,0,,,,,,,,,,,,,,,,,,,,,,,,,,,,,,,,,,,,,,,,,,,,,,,,,,,,
80,chp_coldtes_SanFrancisco_Hospital_5e7cc9135457a338417d5622_13_0.json,FivePctGapBothTESReportGap,chp_coldtes,SanFrancisco,Hospital,5e7cc9135457a338417d5622,13,0,0.0,,0.0,0.0,15.0,0.0,0.0,1729294.0,7752224.72,7752817.0,5170102.87,1629429.4,20252.52,0.0,5170497.86,1645502.29,0.0,8540438.0,8549077.57550576,-8639.57550576143,-0.00207479065755292,0.326058387756348,3.23609042167664,71.9788093566895,41.8543009757996,0.171013116836548,,0.00518465042114258,2.47587251663208,3.07073187828064,0.724043607711792,5.41311383247375,1.88022089004517,0.0016176700592041,0.0458593368530273,0.00596761703491211,0.143579244613647,1.03517913818359,68.8653795719147,0.227855920791626,0.00018620491027832,1.24662899971008,5.50416994094849,0.320379972457886,3.30006098747253,0.536619663238525,0.000760793685913086,0.00864887237548828,0.00233697891235352,0.0147089958190918,1.03791666030884,40.2518451213837
81,chp_SanFrancisco_Hospital_5e7cc9135457a338417d5622_9_0.json,FivePctGapBothTESReportGap,chp,SanFrancisco,Hospital,5e7cc9135457a338417d5622,9,0,0.0,,0.0,0.0,137.154261000025,0.0,0.0,2120684.0,6558546.23,7752817.0,4374016.46,1477543.11,20252.52,0.0,5170497.86,1645502.29,0.0,8016073.0,7992497.05572382,23575.9442761838,-0.00110093830634447,0.403178215026855,3.35183167457581,66.9726376533508,43.7266066074371,0.175990104675293,,0.00562715530395508,1.49344110488892,4.01658916473389,0.997939109802246,5.53543853759766,0.40516185760498,0.000792026519775391,0.0088202953338623,0.00230956077575684,0.0147438049316406,0.936694622039795,65.6026558876038,0.234979152679443,0.00017094612121582,1.23802208900452,5.76453113555908,0.311729907989502,3.13606095314026,0.543447732925415,0.000780344009399414,0.00913524627685547,0.00242161750793457,0.0143587589263916,1.11603212356567,42.0389792919159
82,chp_pv_bess_hottes_SanFrancisco_Hospital_539f6b62ec4f024411ec9bcb_9_0.json,FivePctGapBothTESReportGap,chp_pv_bess_hottes,SanFrancisco,Hospital,539f6b62ec4f024411ec9bcb,9,0,,,,,,,,,,,,,,,,,,,,,,,,,,,,,,,,,,,,,,,,,,,,,,,,,,,,
83,chp_pv_bess_coldtes_SanFrancisco_Hospital_539f74f4ec4f024411ed0e5b_13_0.json,FivePctGapBothTESReportGap,chp_pv_bess_coldtes,SanFrancisco,Hospital,539f74f4ec4f024411ed0e5b,13,0,,,,,,,,,,,,,,,,,,,,,,,,,,,,,,,,,,,,,,,,,,,,,,,,,,,,
84,chp_pv_bess_hottes_SanFrancisco_Hospital_5e7cc9135457a338417d5622_9_0.json,FivePctGapBothTESReportGap,chp_pv_bess_hottes,SanFrancisco,Hospital,5e7cc9135457a338417d5622,9,0,,,,,,,,,,,,,,,,,,,,,,,,,,,,,,,,,,,,,,,,,,,,,,,,,,,,
85,chp_pv_bess_coldtes_SanFrancisco_Hospital_5e1676e95457a3f87673e3b0_13_0.json,FivePctGapBothTESReportGap,chp_pv_bess_coldtes,SanFrancisco,Hospital,5e1676e95457a3f87673e3b0,13,0,,,,,,,,,,,,,,,,,,,,,,,,,,,,,,,,,,,,,,,,,,,,,,,,,,,,
86,chp_pv_bess_coldtes_SanFrancisco_Hospital_5e7cc9135457a338417d5622_9_0.json,FivePctGapBothTESReportGap,chp_pv_bess_coldtes,SanFrancisco,Hospital,5e7cc9135457a338417d5622,9,0,833.5139,1196574.0,27.9681719271703,36.8808186666792,132.924122960862,0.0,0.0,3010384.11,5399519.69,7752817.0,3601040.09,1370166.4,20252.52,0.0,5170497.86,1645502.29,0.0,8016073.0,7983000.8801763,33072.1198237007,0.0278307225143571,2.78474736213684,3.87123513221741,85.745263338089,33.1931376457214,0.215789556503296,,0.00584506988525391,2.59226512908936,4.79045701026917,1.40936994552612,7.98348569869995,0.454228401184082,0.000824689865112305,0.0080568790435791,0.00227594375610352,0.0129184722900391,0.92157506942749,84.3439202308655,1.43720388412476,0.0238380432128906,1.49639201164246,8.48139715194702,0.333359003067017,3.13440918922424,1.87875652313232,0.00166845321655273,0.0448954105377197,0.00586605072021484,0.144586324691772,0.957460641860962,30.1588599681854
87,chp_SanFrancisco_Hospital_5d094abf5457a3ba43474943_9_0.json,FivePctGapBothTESReportGap,chp,SanFrancisco,Hospital,5d094abf5457a3ba43474943,9,0,0.0,,0.0,0.0,0.0,0.0,0.0,1179820.0,7752817.01,7752817.0,3948393.95,906903.02,1890.36,0.0,3948393.96,906903.01,0.0,6037008.0,6037007.92411351,0.0758864879608154,-1.78215153888426e-07,0.326658487319946,3.30081915855408,71.8858649730682,25.2248413562775,0.153199672698975,,0.00626492500305176,1.72983908653259,3.55340981483459,0.472192764282227,6.45458841323853,0.494611263275146,0.000750303268432617,0.00861263275146484,0.00228691101074219,0.0159013271331787,0.868473768234253,70.4937851428986,0.266722917556763,0.00310802459716797,1.42272400856018,5.61676096916199,0.735149145126343,3.80325889587402,0.396664142608643,0.000765800476074219,0.00813889503479004,0.00230073928833008,0.01320481300354,0.813395977020264,23.9888985157013
88,chp_SanFrancisco_Hospital_539f7118ec4f024411ece26f_13_0.json,FivePctGapBothTESReportGap,chp,SanFrancisco,Hospital,539f7118ec4f024411ece26f,13,0,0.0,,0.0,0.0,0.0,0.0,0.0,1704187.0,7752817.01,7752817.0,2082060.39,0.0,0.0,0.0,2082060.39,0.0,0.0,3786246.0,3786245.67949896,0.320501044858247,1.79465131057751e-07,0.330749273300171,3.41805052757263,87.6632966995239,27.6276319026947,0.156468868255615,,0.00675439834594727,1.53374528884888,4.41848301887512,0.960032224655151,8.66965627670288,0.508860111236572,0.000782966613769531,0.00840353965759277,0.00229930877685547,0.0168426036834717,0.882451057434082,86.2421991825104,0.270985126495361,0.00344300270080566,1.3424220085144,5.60027480125427,0.91764497756958,5.57460498809814,0.377370834350586,0.000759363174438477,0.00987386703491211,0.00227928161621094,0.0133180618286133,0.818548202514648,26.4040012359619
89,chp_pv_bess_coldtes_SanFrancisco_Hospital_5ec2a6945457a3e60d81625c_9_0.json,FivePctGapBothTESReportGap,chp_pv_bess_coldtes,SanFrancisco,Hospital,5ec2a6945457a3e60d81625c,9,0,,,,,,,,,,,,,,,,,,,,,,,,,,,,,,,,,,,,,,,,,,,,,,,,,,,,
90,chp_hottes_SanFrancisco_Hospital_539f7118ec4f024411ece26f_13_0.json,FivePctGapBothTESReportGap,chp_hottes,SanFrancisco,Hospital,539f7118ec4f024411ece26f,13,0,0.0,,0.0,0.0,0.0,0.0,0.0,1704187.0,7752817.01,7752817.0,2082060.39,0.0,0.0,0.0,2082060.39,0.0,0.0,3786246.0,3786245.67949896,0.320501044858247,1.79465131057751e-07,0.37838888168335,3.28274488449097,97.449939250946,28.6645984649658,0.144806146621704,,0.00676131248474121,1.84827709197998,4.66652178764343,0.839972019195557,8.70487189292908,0.544033527374268,0.000728130340576172,0.00850272178649902,0.00227451324462891,0.0176701545715332,0.887728929519653,95.9873731136322,0.281686067581177,0.000270843505859375,1.29498505592346,5.64735388755798,0.913440942764282,5.50697708129883,0.425009489059448,0.00080561637878418,0.0100436210632324,0.00230717658996582,0.0136351585388184,0.840906620025635,27.370409488678
91,chp_coldtes_SanFrancisco_Hospital_5e7cc9135457a338417d5622_9_0.json,FivePctGapBothTESReportGap,chp_coldtes,SanFrancisco,Hospital,5e7cc9135457a338417d5622,9,0,0.0,,0.0,0.0,137.154261000025,0.0,0.0,2120684.0,6558546.23,7752817.0,4374016.46,1477543.11,20252.52,0.0,5170497.86,1645502.29,0.0,8016073.0,7992497.05572382,23575.9442761838,-0.00110181219959572,0.314631462097168,3.1902904510498,91.0001454353333,25.2179157733917,0.173506021499634,,0.00551652908325195,2.00258350372314,3.69711399078369,1.01002097129822,5.87349534034729,0.528435468673706,0.000777482986450195,0.0087893009185791,0.00230002403259277,0.0165135860443115,0.915254592895508,89.5265316963196,0.216940879821777,0.000168085098266602,1.10561895370483,5.34758591651917,0.316162109375,3.2161979675293,0.38880467414856,0.000746011734008789,0.00811076164245605,0.0023193359375,0.0139563083648682,0.848045110702515,23.9544966220856
92,chp_pv_bess_coldtes_SanFrancisco_Hospital_539f7118ec4f024411ece26f_9_0.json,FivePctGapBothTESReportGap,chp_pv_bess_coldtes,SanFrancisco,Hospital,539f7118ec4f024411ece26f,9,0,0.0,0.0,0.0,0.0,0.0,0.0,0.0,1179820.0,7752817.01,7752817.0,2082060.39,0.0,0.0,0.0,2082060.39,0.0,0.0,3261881.0,3261880.97515313,0.0248468746431172,-7.61734552643619e-09,0.248363256454468,4.02164196968079,118.674506425858,30.5020141601562,0.195623159408569,,0.0069119930267334,4.40444850921631,4.99670720100403,1.04923224449158,10.9286811351776,0.562536478042603,0.000821590423583984,0.00924873352050781,0.00237345695495605,0.0165879726409912,1.25963425636292,116.821847677231,0.218622922897339,0.000272035598754883,1.35778188705444,6.38947606086731,0.934123039245605,5.18042397499084,0.497840881347656,0.000760316848754883,0.00914835929870605,0.00227689743041992,0.0138733386993408,0.880776643753052,29.0958757400513
93,chp_hottes_SanFrancisco_Hospital_539f74f4ec4f024411ed0e5b_13_0.json,FivePctGapBothTESReportGap,chp_hottes,SanFrancisco,Hospital,539f74f4ec4f024411ed0e5b,13,0,0.0,,0.0,0.0,60.1202137679207,655.950920245399,0.0,1811748.0,7743175.96,7752817.0,3363831.11,2613877.74,0.0,0.0,3368587.57,2702266.32,0.0,7775039.0,7789456.42369078,-14417.4236907829,0.00525834860672735,0.366186857223511,3.24348092079163,135.111346483231,29.1290736198425,0.178497076034546,,0.00922107696533203,2.7845630645752,4.89029884338379,1.3438994884491,5.85901212692261,0.567372798919678,0.000840187072753906,0.0113050937652588,0.00278401374816895,0.0140602588653564,1.06213450431824,133.451227903366,0.222310066223145,0.000377893447875977,1.21116399765015,5.53561592102051,0.326641798019409,3.41426301002502,0.421898126602173,0.000756740570068359,0.00843286514282227,0.00233745574951172,0.0145187377929688,0.980291604995728,27.698979139328
94,chp_pv_bess_SanFrancisco_Hospital_5cb742345457a31e119b6ec3_13_0.json,FivePctGapBothTESReportGap,chp_pv_bess,SanFrancisco,Hospital,5cb742345457a31e119b6ec3,13,0,2064.2872,2963446.0,367.354114766781,1866.47881910528,503.105097888242,0.0,0.0,9646608.95,1688178.06,7752817.0,2194194.29,596783.24,85623.12,0.0,14503814.64,2115012.12,0.0,18408635.0,11999298.4104344,6409336.5895656,0.0257404450054201,0.400551795959473,3.91764998435974,240.975430965424,28.1768116950989,0.219390153884888,,0.058657169342041,3.68795275688171,3.99584126472473,2.97007393836975,8.22512316703796,1.89764451980591,0.00163364410400391,0.0448298454284668,0.00607109069824219,0.142850160598755,1.04474210739136,237.836713790894,0.273425817489624,0.000769853591918945,1.50583100318909,5.8965380191803,0.33502197265625,3.39894890785217,0.433159589767456,0.000803709030151367,0.0120630264282227,0.00227570533752441,0.0139610767364502,1.06361198425293,26.6494038105011
95,chp_pv_bess_hottes_SanFrancisco_Hospital_5ec2a6945457a3e60d81625c_9_0.json,FivePctGapBothTESReportGap,chp_pv_bess_hottes,SanFrancisco,Hospital,5ec2a6945457a3e60d81625c,9,0,,,,,,,,,,,,,,,,,,,,,,,,,,,,,,,,,,,,,,,,,,,,,,,,,,,,
96,chp_pv_bess_SanFrancisco_Hospital_539f74f4ec4f024411ed0e5b_9_0.json,FivePctGapBothTESReportGap,chp_pv_bess,SanFrancisco,Hospital,539f74f4ec4f024411ed0e5b,9,0,,,,,,,,,,,,,,,,,,,,,,,,,,,,,,,,,,,,,,,,,,,,,,,,,,,,
97,chp_SanFrancisco_Hospital_5ec2a6945457a3e60d81625c_13_0.json,FivePctGapBothTESReportGap,chp,SanFrancisco,Hospital,5ec2a6945457a3e60d81625c,13,0,0.0,,0.0,0.0,39.7612444482233,0.0,0.0,1773899.0,7747326.37,7752817.0,2356651.54,2032559.48,46684.32,0.0,2358599.71,2090437.0,0.0,6199906.0,6209794.09296562,-9888.0929656243,0.00173609250051045,0.320501327514648,3.17988562583923,98.3626124858856,27.893562078476,0.169745922088623,,0.00511813163757324,2.39744067192078,3.01499605178833,0.781412839889526,5.3832151889801,1.86200904846191,0.00179505348205566,0.0466735363006592,0.0062859058380127,0.148345470428467,1.02735996246338,95.2691230773926,0.220646142959595,0.000175952911376953,1.16477108001709,5.46535992622375,0.315346002578735,3.15968298912048,0.415525913238525,0.000769138336181641,0.00848197937011719,0.00230693817138672,0.0139534473419189,0.982245922088623,26.468590259552
98,chp_coldtes_SanFrancisco_Hospital_5e1676e95457a3f87673e3b0_13_0.json,FivePctGapBothTESReportGap,chp_coldtes,SanFrancisco,Hospital,5e1676e95457a3f87673e3b0,13,0,,,,,,,,,,,,,,,,,,,,,,,,,,,,,,,,,,,,,,,,,,,,,,,,,,,,
99,chp_hottes_SanFrancisco_Hospital_539f7118ec4f024411ece26f_9_0.json,FivePctGapBothTESReportGap,chp_hottes,SanFrancisco,Hospital,539f7118ec4f024411ece26f,9,0,0.0,,0.0,0.0,0.0,0.0,0.0,1179820.0,7752817.01,7752817.0,2082060.39,0.0,0.0,0.0,2082060.39,0.0,0.0,3261881.0,3261880.97515313,0.0248468746431172,-7.61734552643619e-09,0.282839775085449,3.28937697410583,84.3946685791016,32.1770956516266,0.148189783096313,,0.00662398338317871,1.71849727630615,4.02401995658875,0.853034973144531,8.22577333450317,0.523424625396729,0.000821828842163086,0.00927853584289551,0.00235462188720703,0.0121731758117676,0.907629489898682,82.9381718635559,0.219265937805176,0.000313043594360352,1.37450885772705,6.20567893981934,0.923596143722534,5.1711950302124,0.417803049087524,0.000736236572265625,0.00817203521728516,0.00226736068725586,0.0138242244720459,1.02558732032776,30.7072393894196
100,chp_SanFrancisco_Hospital_539f74f4ec4f024411ed0e5b_13_0.json,FivePctGapBothTESReportGap,chp,SanFrancisco,Hospital,539f74f4ec4f024411ed0e5b,13,0,0.0,,0.0,0.0,43.8371784603347,0.0,0.0,1782407.0,7745063.77,7752817.0,3364766.09,2616961.53,0.0,0.0,3368587.57,2702266.32,0.0,7775039.0,7764135.96167252,10903.0383274835,0.00115896713673505,0.26163387298584,3.19381332397461,92.1793651580811,29.4824023246765,0.171615600585938,,0.00809788703918457,1.71063351631165,3.69419503211975,0.789157390594482,5.40624570846558,0.525001287460327,0.00074005126953125,0.00829601287841797,0.00226640701293945,0.0152738094329834,0.9095139503479,90.7167944908142,0.30110502243042,0.00040888786315918,1.15509390830994,6.01738715171814,0.321733951568604,3.14980006217957,0.424936056137085,0.000780105590820312,0.00898599624633789,0.0023646354675293,0.0139987468719482,0.905304193496704,28.1241724491119
101,chp_pv_bess_coldtes_hottes_SanFrancisco_Hospital_539f6b62ec4f024411ec9bcb_13_0.json,FivePctGapBothTESReportGap,chp_pv_bess_coldtes_hottes,SanFrancisco,Hospital,539f6b62ec4f024411ec9bcb,13,0,,,,,,,,,,,,,,,,,,,,,,,,,,,,,,,,,,,,,,,,,,,,,,,,,,,,
102,chp_pv_bess_coldtes_SanFrancisco_Hospital_539f7118ec4f024411ece26f_13_0.json,FivePctGapBothTESReportGap,chp_pv_bess_coldtes,SanFrancisco,Hospital,539f7118ec4f024411ece26f,13,0,0.0,0.0,0.0,0.0,0.0,0.0,0.0,1704187.0,7752817.01,7752817.0,2082060.39,0.0,0.0,0.0,2082060.39,0.0,0.0,3786246.0,3786245.67949896,0.320501044858247,1.79465131057751e-07,0.223653554916382,4.09257793426514,101.643748044968,30.1474766731262,0.194759368896484,,0.00898003578186035,5.40871286392212,6.32907104492188,0.989331483840942,10.9029128551483,1.89879679679871,0.00166797637939453,0.0446879863739014,0.00594377517700195,0.139928817749023,1.04975605010986,98.502030134201,0.349758863449097,0.00568485260009766,1.31560182571411,6.81326699256897,1.2844181060791,5.74749708175659,0.419058561325073,0.000798463821411133,0.00856447219848633,0.00226116180419922,0.0133852958679199,0.853808164596558,28.8481452465057
103,chp_pv_bess_coldtes_hottes_SanFrancisco_Hospital_5d094abf5457a3ba43474943_9_0.json,FivePctGapBothTESReportGap,chp_pv_bess_coldtes_hottes,SanFrancisco,Hospital,5d094abf5457a3ba43474943,9,0,364.6855,523535.0,0.0,0.0,0.0,0.0,0.0,1558397.0,7229282.36,7752817.0,3680464.48,875316.61,1890.36,0.0,3948393.96,906903.01,0.0,6037008.0,6116069.08114937,-79061.0811493732,0.020780233997268,0.268960952758789,4.03562784194946,80.7407650947571,31.9399528503418,0.20088529586792,,0.00681424140930176,3.30879950523376,4.11377167701721,0.8506920337677,8.23664474487305,0.452658176422119,0.000747203826904297,0.00881814956665039,0.00233650207519531,0.0154964923858643,0.926682233810425,79.3318076133728,0.22143292427063,0.000236988067626953,1.25346088409424,6.0758490562439,0.752102136611938,3.95456695556641,0.473580121994019,0.000775814056396484,0.00862884521484375,0.00229620933532715,0.0141549110412598,0.942938804626465,30.4961035251617
104,chp_pv_bess_hottes_SanFrancisco_Hospital_539f6b62ec4f024411ec9bcb_13_0.json,FivePctGapBothTESReportGap,chp_pv_bess_hottes,SanFrancisco,Hospital,539f6b62ec4f024411ec9bcb,13,0,,,,,,,,,,,,,,,,,,,,,,,,,,,,,,,,,,,,,,,,,,,,,,,,,,,,
105,chp_pv_bess_SanFrancisco_Hospital_539f6b62ec4f024411ec9bcb_9_0.json,FivePctGapBothTESReportGap,chp_pv_bess,SanFrancisco,Hospital,539f6b62ec4f024411ec9bcb,9,0,,,,,,,,,,,,,,,,,,,,,,,,,,,,,,,,,,,,,,,,,,,,,,,,,,,,
106,chp_pv_bess_SanFrancisco_Hospital_5e1676e95457a3f87673e3b0_9_0.json,FivePctGapBothTESReportGap,chp_pv_bess,SanFrancisco,Hospital,5e1676e95457a3f87673e3b0,9,0,1496.366,2148151.0,294.273501608851,1137.36046233339,592.463385673529,0.0,0.0,7766923.23,1993439.74,7752817.0,1823633.44,1412298.54,157801.8,0.0,7964797.23,5274309.78,0.0,14576729.0,10812532.8551984,3764196.14480159,0.0676722805764523,0.31611442565918,3.84722113609314,458.798841714859,32.3857054710388,0.216455459594727,,0.0639455318450928,3.31732535362244,4.28204965591431,2.45287489891052,7.49138116836548,0.474573135375977,0.00072169303894043,0.00822567939758301,0.00227451324462891,0.0121297836303711,0.901622772216797,457.39852142334,0.312916994094849,0.000967025756835938,1.1797239780426,6.10897397994995,0.330578088760376,3.2436420917511,0.464147567749023,0.000760793685913086,0.00868606567382812,0.00233578681945801,0.0138943195343018,0.923946857452393,30.970468044281
107,chp_pv_bess_SanFrancisco_Hospital_5ec2a6945457a3e60d81625c_13_0.json,FivePctGapBothTESReportGap,chp_pv_bess,SanFrancisco,Hospital,5ec2a6945457a3e60d81625c,13,0,,,,,,,,,,,,,,,,,,,,,,,,,,,,,,,,,,,,,,,,,,,,,,,,,,,,
108,chp_pv_bess_coldtes_hottes_SanFrancisco_Hospital_539f74f4ec4f024411ed0e5b_13_0.json,FivePctGapBothTESReportGap,chp_pv_bess_coldtes_hottes,SanFrancisco,Hospital,539f74f4ec4f024411ed0e5b,13,0,,,,,,,,,,,,,,,,,,,,,,,,,,,,,,,,,,,,,,,,,,,,,,,,,,,,
109,chp_pv_bess_coldtes_hottes_SanFrancisco_Hospital_5e1676e95457a3f87673e3b0_13_0.json,FivePctGapBothTESReportGap,chp_pv_bess_coldtes_hottes,SanFrancisco,Hospital,5e1676e95457a3f87673e3b0,13,0,,,,,,,,,,,,,,,,,,,,,,,,,,,,,,,,,,,,,,,,,,,,,,,,,,,,
110,chp_SanFrancisco_Hospital_5e1676e95457a3f87673e3b0_13_0.json,FivePctGapBothTESReportGap,chp,SanFrancisco,Hospital,5e1676e95457a3f87673e3b0,13,0,,,,,,,,,,,,,,,,,,,,,,,,,,,,,,,,,,,,,,,,,,,,,,,,,,,,
111,chp_hottes_SanFrancisco_Hospital_539f74f4ec4f024411ed0e5b_9_0.json,FivePctGapBothTESReportGap,chp_hottes,SanFrancisco,Hospital,539f74f4ec4f024411ed0e5b,9,0,0.0,,0.0,0.0,97.8882847712354,5970.36809815951,0.0,1379393.0,7704687.34,7752817.0,3345232.72,2549650.84,0.0,0.0,3368587.57,2702266.32,0.0,7250674.0,7274276.188491,-23602.188490998,0.011439537565682,0.293708562850952,3.2418794631958,220.167949914932,34.2601397037506,0.175944089889526,,0.00815725326538086,1.88516068458557,3.69084000587463,1.31759786605835,5.47348618507385,1.89095592498779,0.00177145004272461,0.0452010631561279,0.00610995292663574,0.140489816665649,1.04437971115112,217.038006067276,0.223891019821167,0.000365972518920898,1.2546820640564,5.69625401496887,0.339380025863647,3.11447620391846,0.502934217453003,0.000860214233398438,0.00904512405395508,0.00239181518554688,0.0146315097808838,1.03305554389954,32.6957590579987
